30025|Telecom Italia Sparkle S.p.A(CTE)|1|4|0|0|ITAA1|正常|1999/1/1|2035/1/1|73|1|system|2013/12/18|
30027|Canar Telecommunication Co. Ltd.(CTE)|1|4|0|0|SUDA0|正常|1999/1/1|2035/1/1|175|1|system|2013/12/18|
30028|Globacom(CTE)|1|4|0|0|NIGA1|正常|1999/1/1|2035/1/1|166|1|system|2013/12/18|
30029|Sunrise Communications AG(CTE)|1|4|0|0|SWAA0|正常|1999/1/1|2035/1/1|95|1|system|2013/12/18|
30030|GlobalCarrier Telecom GMBH(CTE)|1|4|0|0|GERA0|正常|1999/1/1|2035/1/1|66|1|system|2013/12/18|
30031|Transatel(CTE)|1|4|0|0|FRAA1|正常|1999/1/1|2035/1/1|65|1|system|2013/12/18|
30034|VODAFONE ESPANA, S.A.U.(CTE)|1|4|0|0|SPAA0|正常|1999/1/1|2035/1/1|92|1|system|2013/12/18|
30035|China Telecom (USA) Corporation(CTE)|1|4|0|0|USAA1|正常|1999/1/1|2035/1/1|102|1|system|2013/12/18|
4833|SITA OnAir Switzerland Sarl|1|1|0|0|SWI10|正常|2018/4/18|2035/1/1|95|0|admin|2018/4/18 14:04:31|
4832|Monaco Telecom Maritime Services|1|1|0|0|MNC03|正常|2018/4/18|2035/1/1|82|0|admin|2018/4/18 14:04:57|
176|MALTA GOVT|1|1|0|0|MLT01|正常|1999/1/1|2035/1/1|80|1|system|2007/9/13 7:58:55|
177|MALTA TELEMALTA(TG/TX)|1|1|0|0|MLT02|正常|1999/1/1|2035/1/1|80|0|system|2007/9/13 7:58:55|
178|MALAWI MPTC|1|1|0|0|MLW01|正常|1999/1/1|2035/1/1|158|1|system|2007/9/13 7:58:55|
179|MONACO GOVT|1|1|0|0|MNC01|正常|1999/1/1|2035/1/1|82|1|system|2007/9/13 7:58:55|
180|MONTSERRAT IS.C|1|1|0|0|MOI01|正常|1999/1/1|2035/1/1|226|1|system|2007/9/13 7:58:55|
181|MOLDOVA GOVT|1|1|0|0|MOL01|正常|1999/1/1|2035/1/1|81|1|system|2007/9/13 7:58:55|
182|MOROCCO ONPT|1|1|0|0|MOR01|正常|1999/1/1|2035/1/1|162|1|system|2007/9/13 7:58:55|
183|MOZAMBIQUE ENTM|1|1|0|0|MOZ01|正常|1999/1/1|2035/1/1|163|1|system|2007/9/13 7:58:55|
184|VERIZON PACIFICA|1|1|0|0|MRI01|正常|1999/1/1|2035/1/1|196|1|system|2007/9/13 7:58:55|
185|MAURITANIA TELECOM|1|1|0|0|MRN01|正常|1999/1/1|2035/1/1|160|1|system|2007/9/13 7:58:55|
186|MAURITIUS TELECOM|1|1|0|0|MRT01|正常|1999/1/1|2035/1/1|161|1|system|2007/9/13 7:58:55|
187|MARSHALL IS.GOVT|1|1|0|0|MSI01|正常|1999/1/1|2035/1/1|197|1|system|2007/9/13 7:58:55|
188|MYANMAR MPT|1|1|0|0|MYA01|正常|1999/1/1|2035/1/1|6|1|system|2007/9/13 7:58:55|
189|MAYOTTE IS.FRANCE TELECOM|1|1|0|0|MYI01|正常|1999/1/1|2035/1/1|273|1|system|2007/9/13 7:58:55|
190|NETHER.ANTILLES IS. ANTELECOM|1|1|0|0|NAI01|正常|1999/1/1|2035/1/1|200|1|system|2007/9/13 7:58:55|
191|NAMIBIA TELECOM NAMIBIA|1|1|0|0|NAM01|正常|1999/1/1|2035/1/1|164|1|system|2007/9/13 7:58:55|
7353|RELIANCE GLOBALCOM LIMITED|1|1|0|0|IRE02|正常|2007/12/1|2035/1/1|72|1|lyf|2008/6/27 11:23:43|
7354|REACH GLOBAL SERVICES LIMITED|1|1|0|0|HKG18|正常|2008/1/1|2035/1/1|9|1|LB|2008/6/27 11:34:17|
7450|MTS|1|1|0|0|CAN34|正常|2008/7/30|2035/1/1|100|0|lyf|2008/7/31 17:53:47|
7451|Telus Mobility|1|1|0|0|CAN35|正常|2008/7/30|2035/1/1|100|0|lyf|2008/7/31 17:54:22|
7452|SK Telecom|1|1|0|0|KOR08|正常|2008/7/30|2035/1/1|19|0|lyf|2008/7/31 17:55:06|
7454|Guamcell|1|1|0|0|GUM02|正常|2008/7/30|2035/1/1|194|0|lyf|2008/7/31 17:56:34|
30062|Voxbone(CTE)|1|4|0|0|UK_A8|正常|1999/1/1|2035/1/1|96|1|system|2013/12/18|
630|BHARTI AIRTEL LIMITED|1|1|0|0|IDA02|正常|2006/1/1|2035/1/1|10|1|admin|2016/3/8 15:31:00|
4662|中国海底电缆建设有限公司|1|1|0|0|CHN06|正常|2014/1/1|2035/1/1|246|0|youyou|2014/7/15 8:59:55|
10002|Mobinet|1|1|0|0|MGL04|正常|2013/8/1|2035/1/1|27|0|admin|2016/3/8 15:30:30|
4634|Vastsuccess Holdings Limited|1|1|0|0|HKG48|正常|2014/1/1|2035/1/1|9|0|youyou|2014/5/20 8:58:29|
4636|World hub|1|3|0|0|MLS09|正常|2014/6/9|2035/1/1|25|0|admin|2014/7/2 16:01:38|
30082|Telecom Egypt(CTE)|1|4|0|0|EGYA1|正常|2015/6/23|2035/1/1|144|0|admin|2015/7/1 22:12:53|
40178|Nanjing_Call_Center(MVNO)(CTA)|1|5|0|0|40178|正常|2016/5/1|2035/1/1|246|1|system|2016/5/12 21:42:27|
4719|National Traffic Exchange Center|1|3|0|0|BLR02|正常|2016/5/27|2035/1/1|53|0|liub|2016/5/30|
30078|MADA(CTE)|1|4|0|0|LEBA2|正常|2015/1/2|2035/1/1|23|1|system|2015/2/24|
259|SWEDEN TELIA|1|3|0|0|SWE01|正常|1999/1/1|2035/1/1|94|1|admin|2016/7/4 9:23:13|
7455|APBW|1|1|0|0|TAI31|正常|2008/7/30|2035/1/1|37|0|lyf|2008/7/31 17:57:03|
7456|Iusacell|1|1|0|0|MEX02|正常|2008/7/30|2035/1/1|101|0|lyf|2008/7/31 18:00:53|
337|MARISAT PACIFIC|1|1|0|0|MRS04|正常|1999/1/1|2035/1/1|251|1|system|2007/9/13 7:58:55|
338|MARISAT ATLANTIC EAST/A|1|1|0|0|MRS11|正常|1999/1/1|2035/1/1|252|1|system|2007/9/13 7:58:55|
339|MARISAT ATLANTIC EAST/B|1|1|0|0|MRS12|正常|1999/1/1|2035/1/1|253|1|system|2007/9/13 7:58:56|
55|CHILE TELEX CHILE(TG/TX)|1|1|0|0|CHL02|正常|1999/1/1|2035/1/1|107|0|system|2007/9/13 7:58:55|
56|CHILE VTR/CM(TG/TX)|1|1|0|0|CHL03|正常|1999/1/1|2035/1/1|107|0|system|2007/9/13 7:58:55|
57|CHILE TEXCOM(TG/TX)|1|1|0|0|CHL04|正常|1999/1/1|2035/1/1|107|0|system|2007/9/13 7:58:55|
58|COOK IS.TCI|1|1|0|0|CKI01|正常|1999/1/1|2035/1/1|192|1|system|2007/9/13 7:58:55|
59|CAYMAN IS.C|1|1|0|0|CMI01|正常|1999/1/1|2035/1/1|220|1|system|2007/9/13 7:58:55|
60|CAMEROON INTELCAM|1|1|0|0|CMR01|正常|1999/1/1|2035/1/1|136|1|system|2007/9/13 7:58:55|
61|CANARIES IS. TELECOM|1|1|0|0|CNI01|正常|1999/1/1|2035/1/1|237|1|system|2007/9/13 7:58:55|
62|COLOMBIA TELECOM|1|1|0|0|COL01|正常|1999/1/1|2035/1/1|108|1|system|2007/9/13 7:58:55|
63|COMORO SNPT|1|1|0|0|COM01|正常|1999/1/1|2035/1/1|140|1|system|2007/9/13 7:58:55|
64|CONGO ONPT|1|1|0|0|CON01|正常|1999/1/1|2035/1/1|141|1|system|2007/9/13 7:58:55|
65|COSTA RICA RACSA|1|1|0|0|CRC01|正常|1999/1/1|2035/1/1|109|1|system|2007/9/13 7:58:55|
66|CROATIA HPT|1|1|0|0|CRO01|正常|1999/1/1|2035/1/1|57|1|system|2007/9/13 7:58:55|
67|CUBA ETECSA|1|1|0|0|CUB01|正常|2002/1/21|2035/1/1|110|1|system|2007/9/13 7:58:55|
68|CUBA MCI/WUI(TX)|1|1|0|0|CUB02|正常|1999/1/1|2035/1/1|110|0|system|2007/9/13 7:58:55|
69|CAPE VERDE TELECOM|1|1|0|0|CVD01|正常|1999/1/1|2035/1/1|137|1|system|2007/9/13 7:58:55|
70|CYPRUS TELECOM AUTHORITY|1|1|0|0|CYP01|正常|1999/1/1|2035/1/1|58|1|system|2007/9/13 7:58:55|
71|CZECH TELECOM|1|1|0|0|CZE01|正常|1999/1/1|2035/1/1|59|1|system|2007/9/13 7:58:55|
72|DENMARK TELE DANMARK|1|1|0|0|DEN01|正常|1999/1/1|2035/1/1|60|1|system|2007/9/13 7:58:55|
73|DIEGO GARCIA C|1|1|0|0|DGC01|正常|1999/1/1|2035/1/1|142|1|system|2007/9/13 7:58:55|
74|DJIBOUTI OPT|1|1|0|0|DJI01|正常|1999/1/1|2035/1/1|143|1|system|2007/9/13 7:58:55|
75|DOMINICA C|1|1|0|0|DMN01|正常|1999/1/1|2035/1/1|232|1|system|2007/9/13 7:58:55|
76|DOMINICANREP.GOVT|1|1|0|0|DMR01|正常|1999/1/1|2035/1/1|231|1|system|2007/9/13 7:58:55|
77|DOMINICANREP.MIRADOR(TG/TX)|1|1|0|0|DMR02|正常|1999/1/1|2035/1/1|231|0|system|2007/9/13 7:58:55|
78|DOMINICANREP.AACR(TG/TX)|1|1|0|0|DMR03|正常|1999/1/1|2035/1/1|231|0|system|2007/9/13 7:58:55|
79|DOMINICANREP.CDT(TX)|1|1|0|0|DMR04|正常|1999/1/1|2035/1/1|231|0|system|2007/9/13 7:58:55|
80|EUROPEAN BROADCASTING UNION|1|1|0|0|EBU01|正常|1999/1/1|2035/1/1|244|1|system|2007/9/13 7:58:55|
81|ECUADOR EMETEL S.A.|1|1|0|0|ECU01|正常|1999/1/1|2035/1/1|111|1|system|2007/9/13 7:58:55|
82|EQUATORIAL GUINEA TELECOM|1|1|0|0|EGN01|正常|1999/1/1|2035/1/1|145|1|system|2007/9/13 7:58:55|
83|EGYPT TELECOM|1|1|0|0|EGY01|正常|1999/1/1|2035/1/1|144|1|system|2007/9/13 7:58:55|
84|ERITREA TSE|1|1|0|0|ERI01|正常|1999/1/1|2035/1/1|61|1|system|2007/9/13 7:58:55|
85|ESTONIA ESTETC|1|1|0|0|EST01|正常|1999/1/1|2035/1/1|62|1|system|2007/9/13 7:58:55|
86|EL SALVADOR ANTEL|1|1|0|0|ESV01|正常|1999/1/1|2035/1/1|124|1|system|2007/9/13 7:58:55|
88|FRENCH GUIANA FRENCH TELECOM|1|1|0|0|FGN01|正常|1999/1/1|2035/1/1|115|1|system|2007/9/13 7:58:55|
89|FIJI FINTEL|1|1|0|0|FIJ01|正常|1999/1/1|2035/1/1|193|1|system|2007/9/13 7:58:55|
90|FINLAND TELECOM|1|1|0|0|FIN01|正常|1999/1/1|2035/1/1|64|1|system|2007/9/13 7:58:55|
91|FALKLAND IS.C|1|1|0|0|FLI01|正常|1999/1/1|2035/1/1|112|1|system|2007/9/13 7:58:55|
92|FRANCH POLYNESIA FCR|1|1|0|0|FPL01|正常|1999/1/1|2035/1/1|206|1|system|2007/9/13 7:58:55|
94|FAROE IS.TELE DANMARK|1|1|0|0|FRI01|正常|1999/1/1|2035/1/1|63|1|system|2007/9/13 7:58:55|
95|GABON OPT|1|1|0|0|GAB01|正常|1999/1/1|2035/1/1|147|1|system|2007/9/13 7:58:55|
96|GAMBIA GAMTEL|1|1|0|0|GAM01|正常|1999/1/1|2035/1/1|148|1|system|2007/9/13 7:58:55|
97|GUINEA BISSAU GOVT|1|1|0|0|GBS01|正常|1999/1/1|2035/1/1|151|1|system|2007/9/13 7:58:55|
98|GEORGIA GOVT|1|1|0|0|GEO01|正常|1999/1/1|2035/1/1|8|1|system|2007/9/13 7:58:55|
4699|FIRST TECHNOLOGY DEVELOPMENT PTE LTD|1|3|0|0|BAN04|正常|2014/8/29|2035/1/1|4|0|youyou|2014/8/29 17:05:39|
40173|ATIS(CTA)|1|5|0|0|40173|正常|2015/9/16|2035/1/1|73|1|system|2015/9/16|
40174|ALocalPhone Ltd(CTA)|1|5|0|0|40174|正常|2015/9/16|2035/1/1|96|1|system|2015/9/16|
279|TUNISIA TELECOM|1|1|0|0|TUN01|正常|1999/1/1|2035/1/1|179|1|system|2007/9/13 7:58:55|
192|NAURU GOVT|1|1|0|0|NAU01|正常|1999/1/1|2035/1/1|199|1|system|2007/9/13 7:58:55|
193|NEW CALEDONIAIS.FCR|1|1|0|0|NCI01|正常|1999/1/1|2035/1/1|201|1|system|2007/9/13 7:58:55|
194|NEPAL TELECOM|1|1|0|0|NEP01|正常|1999/1/1|2035/1/1|28|1|system|2007/9/13 7:58:55|
195|NETHERLANDS KPN TELECOM|1|1|0|0|NET01|正常|1999/1/1|2035/1/1|83|1|system|2007/9/13 7:58:55|
196|NIGERIA NITEL|1|1|0|0|NGR01|正常|1999/1/1|2035/1/1|166|1|system|2007/9/13 7:58:55|
197|NICARAGUA NICATELSAT|1|1|0|0|NIC01|正常|1999/1/1|2035/1/1|120|1|system|2007/9/13 7:58:55|
198|NIGER OPT|1|1|0|0|NIG01|正常|1999/1/1|2035/1/1|165|1|system|2007/9/13 7:58:55|
199|NIUE IS.POSTS AND TELECOM|1|1|0|0|NII01|正常|1999/1/1|2035/1/1|202|1|system|2007/9/13 7:58:55|
200|NORFOLK IS.TELSTRA|1|1|0|0|NOI01|正常|1999/1/1|2035/1/1|203|1|system|2007/9/13 7:58:55|
201|Telenor Global Services AS|1|3|0|0|NOR01|正常|1999/1/1|2035/1/1|84|1|system|2015/8/5 9:56:58|
202|TELECOM NEW ZEALAND|1|3|0|0|NZL01|正常|1999/1/1|2035/1/1|186|1|system|2007/9/13 7:58:55|
203|OMAN TELECOM COMPANY|1|1|0|0|OMA01|正常|1999/1/1|2035/1/1|29|1|system|2007/9/13 7:58:55|
204|PAK TELECOM|1|1|0|0|PAK01|正常|2001/7/1|2035/1/1|30|1|system|2007/9/13 7:58:55|
205|PALAU PNCC|1|1|0|0|PAL01|正常|1999/1/1|2035/1/1|204|1|system|2007/9/13 7:58:55|
206|PANAMA INTEL S.A.|1|1|0|0|PAN01|正常|1999/1/1|2035/1/1|121|1|system|2007/9/13 7:58:55|
207|PERU TELEFONICA|1|1|0|0|PER01|正常|1999/1/1|2035/1/1|123|1|system|2007/9/13 7:58:55|
208|PHILIPPINES PLDT|1|1|0|0|PHL01|正常|1999/1/1|2035/1/1|31|1|system|2007/9/13 7:58:55|
209|PHILIPPINES ETPI|1|1|0|0|PHL02|正常|1999/1/1|2035/1/1|31|0|system|2007/9/13 7:58:55|
210|PHILIPPINES PHILCOM（TG/TX)|1|1|0|0|PHL03|正常|1999/1/1|2035/1/1|31|0|system|2007/9/13 7:58:55|
657|CHINA TELECOM (EUROPE) LIMITED|1|1|0|0|UK_08|正常|1999/1/1|2035/1/1|96|0|system|2007/9/13 7:58:55|
609|Internationa Cable Protection Committee Ltd|1|1|0|0|INT10|正常|1999/1/1|2035/1/1|96|0|system|2007/9/13 7:58:55|
610|S.B.Submarine Systems Co.Ltd.|1|1|0|0|SBS00|正常|1999/1/1|2035/1/1|246|0|system|2007/9/13 7:58:55|
211|GLOBE TELECOM PHILIPPINES|1|1|0|0|PHL04|正常|1999/1/1|2035/1/1|31|0|system|2007/9/13 7:58:55|
212|PHILIPPINES GMCR(TG/TX)|1|1|0|0|PHL05|正常|1999/1/1|2035/1/1|31|0|system|2007/9/13 7:58:55|
213|PHILIPPINES RCPI(TG/TX)|1|1|0|0|PHL06|正常|1999/1/1|2035/1/1|31|0|system|2007/9/13 7:58:55|
214|PITCAIRINI GOVT|1|1|0|0|PIT01|正常|1999/1/1|2035/1/1|242|1|system|2007/9/13 7:58:55|
215|PAPUA NEW GUINEA TELIKOM PNG|1|1|0|0|PNG01|正常|1999/1/1|2035/1/1|205|1|system|2007/9/13 7:58:55|
216|POLAND TELECOM|1|1|0|0|POL01|正常|1999/1/1|2035/1/1|85|1|system|2007/9/13 7:58:55|
217|PORTUGAL TELECOM|1|1|0|0|POR01|正常|1999/1/1|2035/1/1|86|1|system|2007/9/13 7:58:55|
218|PORTUGAL CPRM(TG/TX)|1|1|0|0|POR02|正常|1999/1/1|2035/1/1|86|0|system|2007/9/13 7:58:55|
219|PUERTO RICO MCI/WUI|1|1|0|0|PRC01|正常|1999/1/1|2035/1/1|207|1|system|2007/9/13 7:58:55|
220|PUERTO RICO AACR(TG/TX)|1|1|0|0|PRC02|正常|1999/1/1|2035/1/1|207|0|system|2007/9/13 7:58:55|
221|PUERTO RICO TRT/FTC(TG/TX)|1|1|0|0|PRC03|正常|1999/1/1|2035/1/1|207|0|system|2007/9/13 7:58:55|
222|PUERTO RICO PRCA(TG/TX)|1|1|0|0|PRC04|正常|1999/1/1|2035/1/1|207|0|system|2007/9/13 7:58:55|
223|PARAGUAY ANTELCO|1|1|0|0|PRG01|正常|1999/1/1|2035/1/1|122|1|system|2007/9/13 7:58:55|
224|QATAR Q-TEL|1|1|0|0|QAT01|正常|1999/1/1|2035/1/1|32|1|system|2007/9/13 7:58:55|
225|REUNION IS.FRANCE TELECOM|1|1|0|0|REI01|正常|1999/1/1|2035/1/1|167|1|system|2007/9/13 7:58:55|
226|RUMANIA TELECOM|1|1|0|0|RUM01|正常|1999/1/1|2035/1/1|87|1|system|2007/9/13 7:58:55|
227|RUSSIA ROSTELECOM|1|3|0|0|RUS01|正常|1999/1/1|2035/1/1|88|1|system|2015/8/5 9:56:58|
228|RWANDA RWANDATEL|1|1|0|0|RWA01|正常|1999/1/1|2035/1/1|168|1|system|2007/9/13 7:58:55|
230|SAUDI TELECOM COMPANY|1|1|0|0|SAR01|正常|1999/1/1|2035/1/1|33|1|system|2007/9/13 7:58:55|
231|ST.CHRIST. & NEVIS IS.SKANTEL|1|1|0|0|SCI01|正常|1999/1/1|2035/1/1|211|1|system|2007/9/13 7:58:55|
232|SENEGAL SONATEL|1|1|0|0|SEN01|正常|1999/1/1|2035/1/1|170|1|system|2007/9/13 7:58:55|
233|SEYCHELLES CWSEZ|1|1|0|0|SEY01|正常|1999/1/1|2035/1/1|171|1|system|2007/9/13 7:58:55|
234|ST.HELENAIS.C|1|1|0|0|SHI01|正常|1999/1/1|2035/1/1|93|1|system|2007/9/13 7:58:55|
235|SIKKIM TELECOM|1|1|0|0|SIK01|正常|1999/1/1|2035/1/1|234|1|system|2007/9/13 7:58:55|
236|SINGAPORE TELECOMMUNICATIONS LIMITED|1|3|0|0|SIN01|正常|1999/1/1|2035/1/1|34|1|system|2007/9/13 7:58:55|
237|STARHUB LTD|1|3|0|0|SIN03|正常|1999/1/1|2035/1/1|34|0|system|2007/9/13 7:58:55|
238|ST. LUCIA C|1|1|0|0|SLC01|正常|1999/1/1|2035/1/1|233|1|system|2007/9/13 7:58:55|
239|SIERRA LEONE SIERRATEL|1|1|0|0|SLE01|正常|1999/1/1|2035/1/1|172|1|system|2007/9/13 7:58:55|
240|SIERRA LEONE SLET|1|1|0|0|SLE02|正常|1999/1/1|2035/1/1|172|0|system|2007/9/13 7:58:55|
241|SRI LANKA TELECOM LTD|1|1|0|0|SLK01|正常|1999/1/1|2035/1/1|35|1|system|2007/9/13 7:58:55|
280|TUVALU GOVT|1|1|0|0|TUV01|正常|1999/1/1|2035/1/1|215|1|system|2007/9/13 7:58:55|
242|SAMOA EASTERN GOVT|1|1|0|0|SME01|正常|1999/1/1|2035/1/1|208|1|system|2007/9/13 7:58:55|
243|SAN MARINO INTELCOM|1|1|0|0|SMR01|正常|1999/1/1|2035/1/1|89|1|system|2007/9/13 7:58:55|
244|SAMOA WESTERN GOVT|1|1|0|0|SMW01|正常|1999/1/1|2035/1/1|209|1|system|2007/9/13 7:58:55|
245|SOLOMON IS.TELECOM|1|1|0|0|SOI01|正常|1999/1/1|2035/1/1|210|1|system|2007/9/13 7:58:55|
246|SOMALI GOVT|1|1|0|0|SOM01|正常|1999/1/1|2035/1/1|173|1|system|2007/9/13 7:58:55|
247|SPAIN ESPAINE TELEFONICA|1|3|0|0|SPA01|正常|1999/1/1|2035/1/1|92|1|system|2015/8/5 9:56:58|
8106|AICENT,INC.|1|1|0|0|USA52|正常|2008/12/30|2035/1/1|102|0|admin|2014/4/30 8:57:37|
248|SPAIN RETELEVISION(TV)|1|1|0|0|SPA03|正常|1999/1/1|2035/1/1|92|0|system|2007/9/13 7:58:55|
249|SPAIN TVCOBROS(TV)|1|1|0|0|SPA04|正常|1999/1/1|2035/1/1|92|0|system|2007/9/13 7:58:55|
250|SPAIN TELEFONICA|1|1|0|0|SPA05|正常|1999/1/1|2035/1/1|92|0|system|2007/9/13 7:58:55|
7457|Mobile_8|1|1|0|0|IDN03|正常|2008/7/30|2035/1/1|11|0|lyf|2008/7/31 18:01:33|
7459|Tata|1|1|0|0|IDA04|正常|2008/7/30|2035/1/1|10|0|lyf|2008/7/31 18:02:49|
7460|Telecom Mobile|1|1|0|0|NZL02|正常|2008/7/30|2035/1/1|186|0|lyf|2008/7/31 18:03:27|
7461|Citycell|1|1|0|0|BAN02|正常|2008/7/30|2035/1/1|4|0|lyf|2008/7/31 18:04:06|
7462|VIVO|1|1|0|0|BRA07|正常|2008/7/30|2035/1/1|106|0|lyf|2008/7/31 18:04:41|
7464|S-telecom|1|1|0|0|VIE04|正常|2008/7/30|2035/1/1|44|0|lyf|2008/7/31 18:08:16|
368|TAIWAN APT|1|3|0|0|TAI07|正常|1999/1/1|2035/1/1|37|0|DH|2015/8/5 9:56:58|
87|Ethiopian Telecommunications Corporation|1|1|0|0|ETH01|正常|2008/9/1|2035/1/1|146|1|QJ|2008/9/2 9:10:42|
17|Optus Networks Pty Ltd|1|3|0|0|AUS02|正常|2008/8/1|2035/1/1 1:01:01|185|0|lyf|2008/8/19 14:06:36|
7567|MOBILE800|1|3|0|0|HKG42|正常|2008/11/20|2035/1/1|9|0|lyf|2008/11/20 17:46:03|
30084|Akton_Euro(CTE)|1|4|0|0|SLOA3|正常|2015/9/21|2035/1/1|91|1|admin|2015/9/22 17:34:25|
40001|2288 International Inc.(CTA)|1|5|0|0|40001|正常|1999/1/1|2035/1/1|100|1|system|2015/3/16|
40002|382 Communications Corporation(CTA)|1|5|0|0|40002|正常|1999/1/1|2035/1/1|102|1|system|2015/3/16|
40003|88 Telecommunications 1+1(CTA)|1|5|0|0|40003|正常|1999/1/1|2035/1/1|102|1|system|2015/3/16|
40004|Acestar Telecoms Hong Kong Ltd.(CTA)|1|5|0|0|40004|正常|1999/1/1|2035/1/1|31|1|system|2015/3/16|
40005|Across The Globe Telecommunications(CTA)|1|5|0|0|40005|正常|1999/1/1|2035/1/1|102|1|system|2015/3/16|
40006|Airnex Communications, Inc(CTA)|1|5|0|0|40006|正常|1999/1/1|2035/1/1|102|1|system|2015/3/16|
40007|AIsleCom Inc(CTA)|1|5|0|0|40007|正常|1999/1/1|2035/1/1|83|1|system|2015/3/16|
40008|Angel Telecom(CTA)|1|5|0|0|40008|正常|1999/1/1|2035/1/1|95|1|system|2015/3/16|
40009|APT(CTA)|1|5|0|0|40009|正常|1999/1/1|2035/1/1|37|1|system|2015/3/16|
40011|Asia Communications International Corp 1+1(CTA)|1|5|0|0|40011|正常|1999/1/1|2035/1/1|102|1|system|2015/3/16|
40012|AsiaCom Swap(CTA)|1|5|0|0|40012|正常|1999/1/1|2035/1/1|102|1|system|2015/3/16|
40013|B Telecommunications(CTA)|1|5|0|0|40013|正常|1999/1/1|2035/1/1|102|1|system|2015/3/16|
40016|Blue Ridge Investment, LLC(CTA)|1|5|0|0|40016|正常|1999/1/1|2035/1/1|102|1|system|2015/3/16|
40019|Brightlink Communications(CTA)|1|5|0|0|40019|正常|1999/1/1|2035/1/1|102|1|system|2015/3/16|
40020|BTI(CTA)|1|5|0|0|40020|正常|1999/1/1|2035/1/1|102|1|system|2015/3/16|
40021|Business Telecommunications Services(CTA)|1|5|0|0|40021|正常|1999/1/1|2035/1/1|102|1|system|2015/3/16|
40022|Callnet(CTA)|1|5|0|0|40022|正常|1999/1/1|2035/1/1|92|1|system|2015/3/16|
40023|Callvox(CTA)|1|5|0|0|40023|正常|1999/1/1|2035/1/1|102|1|system|2015/3/16|
40024|Carrier Domain(CTA)|1|5|0|0|40024|正常|1999/1/1|2035/1/1|102|1|system|2015/3/16|
40025|Cell Termination(CTA)|1|5|0|0|40025|正常|1999/1/1|2035/1/1|102|1|system|2015/3/16|
40026|China Telecom Global Limited(CTA)|1|5|0|0|40026|正常|1999/1/1|2035/1/1|9|1|system|2015/3/16|
40027|China Telecom MVNO(CTA)|1|5|0|0|40027|正常|1999/1/1|2035/1/1|246|1|system|2015/3/16|
40028|China Times C. C.(CTA)|1|5|0|0|40028|正常|1999/1/1|2035/1/1|174|1|system|2015/3/16|
40029|China Unicom (Americas) Operations Ltd.,(CTA)|1|5|0|0|40029|正常|1999/1/1|2035/1/1|102|1|system|2015/3/16|
40030|CHTSG(CTA)|1|5|0|0|40030|正常|1999/1/1|2035/1/1|34|1|system|2015/3/16|
40031|Chunghua Telecom Global(CTA)|1|5|0|0|40031|正常|1999/1/1|2035/1/1|102|1|system|2015/3/16|
3580|Y5Zone|1|1|0|0|HKG43|正常|2010/11/4|2035/1/1|9|0|CXN|2010/11/4 14:57:44|
3583|AICS|1|1|0|0|JAP20|正常|2010/11/4|2035/1/1|15|0|CXN|2010/11/4 15:25:44|
3581|TripleGate|1|1|0|0|JAP18|正常|2010/11/4|2035/1/1|15|0|CXN|2010/11/4 15:00:21|
3582|Wired & Wireless|1|1|0|0|JAP19|正常|2010/11/4|2035/1/1|15|0|CXN|2010/11/4 15:05:33|
3584|FET|1|1|0|0|TAI08|正常|2010/11/4|2035/1/1|37|0|CXN|2010/11/4 15:29:08|
3585|TomiZone|1|1|0|0|NZL03|正常|2010/11/4|2035/1/1|186|0|CXN|2010/11/4 15:39:30|
3586|INDOSAT M2|1|1|0|0|IDN06|正常|2010/11/4|2035/1/1|11|0|CXN|2010/11/4 15:48:06|
3587|Trustive Ltd.|1|1|0|0|UK_09|正常|2010/11/4|2035/1/1|96|0|CXN|2010/11/4 15:51:54|
3588|Freedom4|1|1|0|0|UK_10|正常|2010/11/4|2035/1/1|96|0|CXN|2010/11/4 15:55:43|
40032|CIMA(CTA)|1|5|0|0|40032|正常|1999/1/1|2035/1/1|102|1|system|2015/3/16|
40033|Cloud Communications LLC(CTA)|1|5|0|0|40033|正常|1999/1/1|2035/1/1|102|1|system|2015/3/16|
40034|CMOLS LLC(CTA)|1|5|0|0|40034|正常|1999/1/1|2035/1/1|102|1|system|2015/3/16|
40035|ComNet (USA) LLC(CTA)|1|5|0|0|40035|正常|1999/1/1|2035/1/1|102|1|system|2015/3/16|
40037|Convergia Semi-monthly(CTA)|1|5|0|0|40037|正常|1999/1/1|2035/1/1|100|1|system|2015/3/16|
40038|Cordial Communications(CTA)|1|5|0|0|40038|正常|1999/1/1|2035/1/1|102|1|system|2015/3/16|
40039|Cricket MVNO(CTA)|1|5|0|0|40039|正常|1999/1/1|2035/1/1|100|1|system|2015/3/16|
3808|Meteor|1|1|0|0|FRA02|正常|2011/4/26|2035/1/1|65|0|CXN|2011/4/26 13:49:54|
3809|Hub Telecom|1|1|0|0|FRA03|正常|2011/4/26|2035/1/1|65|0|CXN|2011/4/26 13:49:54|
40042|CT Europe(CTA)|1|5|0|0|40042|正常|1999/1/1|2035/1/1|44|1|system|2015/3/16|
40044|Dasaro(CTA)|1|5|0|0|40044|正常|1999/1/1|2035/1/1|102|1|system|2015/3/16|
40045|Data Access Solutions Inc.(CTA)|1|5|0|0|40045|正常|1999/1/1|2035/1/1|100|1|system|2015/3/16|
40046|Datora(CTA)|1|5|0|0|40046|正常|1999/1/1|2035/1/1|92|1|system|2015/3/16|
40047|Davids Communnication(CTA)|1|5|0|0|40047|正常|1999/1/1|2035/1/1|102|1|system|2015/3/16|
40048|Digerati(CTA)|1|5|0|0|40048|正常|1999/1/1|2035/1/1|102|1|system|2015/3/16|
40049|Distributel(CTA)|1|5|0|0|40049|正常|1999/1/1|2035/1/1|102|1|system|2015/3/16|
40050|Dollar Phone Corp.(CTA)|1|5|0|0|40050|正常|1999/1/1|2035/1/1|102|1|system|2015/3/16|
40051|EcoCarrier Inc.(CTA)|1|5|0|0|40051|正常|1999/1/1|2035/1/1|100|1|system|2015/3/16|
40053|Fly Communications Inc.(CTA)|1|5|0|0|40053|正常|1999/1/1|2035/1/1|102|1|system|2015/3/16|
40054|Gabel Telecom(CTA)|1|5|0|0|40054|正常|1999/1/1|2035/1/1|102|1|system|2015/3/16|
40055|Galaxy Telesys, INC(CTA)|1|5|0|0|40055|正常|1999/1/1|2035/1/1|102|1|system|2015/3/16|
40056|GB Global Inc.(CTA)|1|5|0|0|40056|正常|1999/1/1|2035/1/1|19|1|system|2015/3/16|
40057|GeoTel Communication Services, Inc.(CTA)|1|5|0|0|40057|正常|1999/1/1|2035/1/1|102|1|system|2015/3/16|
40058|Glory Telecom(CTA)|1|5|0|0|40058|正常|1999/1/1|2035/1/1|246|1|system|2015/3/16|
40059|Goldline Telemanagement(CTA)|1|5|0|0|40059|正常|1999/1/1|2035/1/1|100|1|system|2015/3/16|
40060|GTS(CTA)|1|5|0|0|40060|正常|1999/1/1|2035/1/1|102|1|system|2015/3/16|
40061|CT(CTA)|1|5|0|0|40061|正常|1999/1/1|2035/1/1|246|1|system|2015/3/16|
40062|Hutchison Global Communications Ltd(CTA)|1|5|0|0|40062|正常|1999/1/1|2035/1/1|102|1|system|2015/3/16|
40063|I.C.S.(CTA)|1|5|0|0|40063|正常|1999/1/1|2035/1/1|73|1|system|2015/3/16|
4738|Telebiz International (Labuan) Corporation|1|3|0|0|PAK05|正常|2017/6/2|2035/1/1|30|0|admin|2017/6/6 11:01:51|
3241|Vodafone Roaming Service|1|1|0|0|NET04|正常|2010/6/1|2035/1/1|78|0|admin|2017/7/17 16:55:01|
282|UGANDA UPTC|1|1|0|0|UGA01|正常|1999/1/1|2035/1/1|180|1|system|2007/9/13 7:58:55|
283|U.K. CGNS|1|1|0|0|UK_01|正常|1999/1/1|2035/1/1|96|1|system|2007/9/13 7:58:55|
285|U.K.KINGSTON(TV)|1|1|0|0|UK_03|正常|1999/1/1|2035/1/1|96|0|system|2007/9/13 7:58:55|
286|UKRAINE UTEL|1|1|0|0|UKR01|正常|1999/1/1|2035/1/1|97|1|system|2007/9/13 7:58:55|
287|URUGUAY ANTEL|1|1|0|0|URU01|正常|1999/1/1|2035/1/1|127|1|system|2007/9/13 7:58:55|
288|U.S.A. AT|1|3|0|0|USA01|正常|1999/1/1|2035/1/1|102|1|system|2007/9/13 7:58:55|
290|U.S.A. SPRINT|1|1|0|0|USA03|正常|1999/1/1|2035/1/1|102|0|system|2007/9/13 7:58:55|
291|U.S.A. WORLDCOM|1|1|0|0||正常|1999/1/1|2035/1/1|102|0|system|2007/9/13 7:58:55|
292|U.S.A. COMSAT(TV)|1|1|0|0|USA05|正常|1999/1/1|2035/1/1|102|0|system|2007/9/13 7:58:55|
293|U.S.A. AT EASYLINK|1|1|0|0|USA06|正常|1999/1/1|2035/1/1|102|0|system|2007/9/13 7:58:55|
30036|Telstra International Limited(CTE)|1|4|0|0|HKGA1|正常|1999/1/1|2035/1/1|9|1|system|2013/12/18|
30037|Multiregional Transit Telecom(CTE)|1|4|0|0|RUSA2|正常|1999/1/1|2035/1/1|88|1|system|2013/12/18|
30038|CONNECT LLC(CTE)|1|4|0|0|RUSA3|正常|1999/1/1|2035/1/1|88|1|system|2013/12/18|
30039|China Telecom PBX(CTE)|1|4|0|0|CHNA3|正常|1999/1/1|2035/1/1|246|1|system|2013/12/18|
30040|Belgacom International Carrier Services SA(CTE)|1|4|0|0|BGMA0|正常|1999/1/1|2035/1/1|54|1|system|2013/12/18|
30041|TeliaSonera International Carrier UK Ltd(CTE)|1|4|0|0|UK_A4|正常|1999/1/1|2035/1/1|96|1|system|2013/12/18|
30042|China Telcom Global Ltd(CTE)|1|4|0|0|HKGA2|正常|1999/1/1|2035/1/1|9|1|system|2013/12/18|
30043|Teltac World Wide Inc.(CTE)|1|4|0|0|LEBA0|正常|1999/1/1|2035/1/1|23|1|system|2013/12/18|
30044|ETISALAT NIGERIA(CTE)|1|4|0|0|NIGA0|正常|1999/1/1|2035/1/1|166|1|system|2013/12/18|
30045|Sama S.A.L.Offshore(CTE)|1|4|0|0|LEBA1|正常|1999/1/1|2035/1/1|23|1|system|2013/12/18|
30047|Telenor(CTE)|1|4|0|0|NORA0|正常|1999/1/1|2035/1/1|84|1|system|2013/12/18|
30048|Romtelecom(CTE)|1|4|0|0|ROMA0|正常|1999/1/1|2035/1/1|87|1|system|2013/12/18|
30049|Eser Telecom(CTE)|1|4|0|0|TKYA0|正常|1999/1/1|2035/1/1|40|1|system|2013/12/18|
30051|Lebara(CTE)|1|4|0|0|UK_A5|正常|1999/1/1|2035/1/1|96|1|system|2014/5/12|
30052|Vodafone Turkey(CTE)|1|4|0|0|TKYA1|正常|1999/1/1|2035/1/1|40|1|system|2014/5/12|
30053|TeleConnect(CTE)|1|4|0|0|CZEA2|正常|1999/1/1|2035/1/1|59|1|system|2014/5/12|
30054|ETECSA(CTE)|1|4|0|0|CUBA0|正常|1999/1/1|2035/1/1|110|1|system|2014/5/12|
30055|CCS(CTE)|1|4|0|0|UK_A6|正常|1999/1/1|2035/1/1|96|1|system|2014/5/12|
30056|Intermatica S.p.A.(CTE)|1|4|0|0|AUSA1|正常|1999/1/1|2035/1/1|73|1|system|2013/12/18|
30057|OTEglobal(CTE)|1|4|0|0|GREA0|正常|1999/1/1|2035/1/1|68|1|system|2013/12/18|
30058|IDT Global Ltd(CTE)|1|4|0|0|ITAA3|正常|1999/1/1|2035/1/1|96|1|system|2013/12/18|
30059|TTI(CTE)|1|4|0|0|UK_A7|正常|1999/1/1|2035/1/1|52|1|system|2013/12/18|
289|Verizon|1|3|0|0|USA02|正常|2009/12/1|2035/1/1|102|0|CXN|2009/11/27 11:31:51|
30079|Mediafon(CTE)|1|4|0|0|LITA0|正常|2015/2/27|2035/1/1|77|1|admin|2015/2/27 17:53:11|
30013|CTE Mitel SIP trunk(CTE)|1|4|0|0|UK_A2|正常|1999/1/1|2035/1/1|96|1|admin|2015/5/22 19:42:14|
40180|IMT Bridge(CTA)|1|5|0|0|40180|正常|2016/8/1|2035/1/1|102|0|admin|2016/8/10 10:02:34|
10605|MIR telecom LTD|1|3|0|0|BAN03|正常|2014/3/7|2035/1/1|4|0|admin|2014/3/19 13:43:40|
4704|Starhome Mach|1|3|0|0|LUX02|正常|2015/4/16|2035/1/1|78|0|liub|2015/4/28|
10585|Cloud Conference for ITFS UIFN DID（HK Switch）|6|1|0|0|PRO01|正常|2014/3/1|2035/1/1|246|0|admin|2014/3/31 10:15:26|
375|C2222|1|1|0|0|C2222|正常|1999/1/1|2035/1/1|246|0|admin|2014/3/21 8:55:27|
30026|VimpelCom PJSC(CTE)|1|4|0|0|RUSA1|正常|1999/1/1|2035/1/1|88|1|admin|2015/7/8 16:55:29|
30091|Telefonica(CTE)|1|4|0|0|SPAA2|正常|2016/3/12|2035/1/1|92|0|admin|2016/3/14 9:43:17|
4701|BANGLA TRAC COUMMUNICATION|1|3|0|0|BAN05|正常|2014/11/21|2035/1/1|4|0|youyou|2014/11/21 14:20:05|
30099|ChinaTelecom South Africa Office Test(CTE)|1|4|0|0|SAFA0|正常|2016/9/15|2035/1/1|174|0|admin|2016/9/22 17:23:31|
3810|Guglielmo|1|1|0|0|ITA04|正常|2011/4/26|2035/1/1|73|0|CXN|2011/4/26 13:57:12|
3811|M3 Connect GmbH|1|1|0|0|GER02|正常|2011/4/26|2035/1/1|66|0|CXN|2011/4/26 13:57:12|
3812|Telenet|1|1|0|0|BGM02|正常|2011/4/26|2035/1/1|54|0|CXN|2011/4/26 13:57:12|
3813|Truemove|1|1|0|0|THA02|正常|2011/4/26|2035/1/1|39|0|CXN|2011/4/26 13:57:12|
3880|SKYTEL COMPANY|1|1|0|0|MGL03|正常|2011/7/13|2035/1/1|27|0|GYZ|2011/7/13 16:11:04|
3240|Telesystems of Ukraine(TSU)|1|1|0|0|UKR03|正常|2010/6/1|2035/1/1|97|0|JLL|2010/5/28 10:59:04|
154|MOC,KUWAIT|1|1|0|0|KUW01|正常|1999/1/1|2035/1/1|20|1|ZHQL|2009/7/8 10:01:41|
10060|VOICE & DATA COMMUNICATION SDN BHD|1|3|0|0|HKG47|正常|2013/11/20|2035/1/1|9|1|admin|2013/11/21 14:26:19|
10040|Agnes Tang|0|1|0|0||正常|2013/10/31|2035/1/1|0|0|admin|2013/10/31 17:25:59|
4721|Ibasis Global, Inc.|1|3|0|0|USA62|正常|2016/9/27|2035/1/1|102|0|admin|2016/9/29 10:52:44|
3540|XO Communications Services,Inc.|1|1|0|0|USA58|正常|2010/10/15|2035/1/1|102|0|CXN|2010/10/15 15:50:31|
3208|TATA COMMUNICATIONS (SINGAPORE)|1|1|0|0|SIN08|正常|2010/4/6|2035/1/1|34|0|CXN|2010/4/6 17:21:21|
4224|Swisscom Mobile|1|1|0|0|SWI03|正常|2012/8/1|2035/1/1|95|0|GYZ|2012/8/1 17:24:29|
4225|Dialog|1|1|0|0|SLK03|正常|2012/8/1|2035/1/1|35|0|GYZ|2012/8/1 17:31:35|
4226|iCell|1|1|0|0|SIN09|正常|2012/8/1|2035/1/1|34|0|GYZ|2012/8/1 17:36:19|
4231|Tomizone CAMBODIA|1|1|0|0|CBD02|正常|2012/8/1|2035/1/1|7|0|GYZ|2012/8/1 17:51:46|
4229|Monzoon SWITZERLAND|1|1|0|0|SWI04|正常|2012/8/1|2035/1/1|95|0|GYZ|2012/8/1 17:46:47|
4230|Tomizone VIETNAM|1|1|0|0|VIE07|正常|2012/8/1|2035/1/1|44|0|GYZ|2012/8/1 17:49:54|
4232|Tomizone  MALDIVES|1|1|0|0|MLD02|正常|2012/8/1|2035/1/1|26|0|GYZ|2012/8/1 17:54:12|
4439|Anywayonline|1|1|0|0|USA59|正常|2013/5/1|2035/1/1|102|0|zhaojj|2013/5/10 16:31:43|
4393|Bitbuzz|1|1|0|0|IRE03|正常|2013/4/1|2035/1/1|72|0|zhaojj|2013/4/18 11:02:38|
4394|Beeline WiFi|1|1|0|0|RUS05|正常|2013/4/1|2035/1/1|88|0|zhaojj|2013/4/18 11:02:38|
4395|Orange|1|1|0|0|FRA04|正常|2013/4/1|2035/1/1|65|0|zhaojj|2013/4/18 11:02:38|
4396|SpotCoffee|1|1|0|0|FRA05|正常|2013/4/1|2035/1/1|65|0|zhaojj|2013/4/18 11:02:38|
4397|Sky Telecom Malta|1|1|0|0|MLT03|正常|2013/4/1|2035/1/1|80|0|zhaojj|2013/4/18 11:02:38|
4398|DSTech|1|1|0|0|MLS08|正常|2013/4/1|2035/1/1|25|0|zhaojj|2013/4/18 11:02:38|
4399|TMN|1|1|0|0|POR03|正常|2013/4/1|2035/1/1|86|0|zhaojj|2013/4/18 11:02:38|
30033|MVNO(CTE)|1|4|0|0|CHNA2|正常|1999/1/1|2035/1/1|246|1|system|2013/12/18|
4700|Dialog Axiata PLC|1|3|0|0|SLK05|正常|2014/9/3|2035/1/1|35|0|youyou|2014/9/18 8:12:59|
30032|Brilliant Telecom Limited(CTE)|1|4|0|0|CYPA1|正常|1999/1/1|2035/1/1|58|1|system|2013/12/18|
4722|Telekom Malaysia (Hong Kong) Limited|1|3|0|0|HKG52|正常|2016/11/15|2035/1/1|9|0|admin|2016/11/16 15:49:05|
1035|3721|3|0|0|0||正常|2005/3/8|2006/7/31|246|1|lyf|2011/8/29 12:06:22|
9980|DTAC Network Company Limited|1|3|0|0|THA05|正常|2013/8/1|2035/1/1|39|0|admin|2013/8/23 15:06:01|
10000|NGT Networks Pte. Ltd|1|3|0|0|HKG44|正常|2013/8/1|2035/1/1|9|0|admin|2013/8/23 15:07:52|
10001|Frontier Network Technology Ltd|1|3|0|0|HKG45|正常|2013/8/1|2035/1/1|9|0|admin|2013/8/23 15:08:59|
10003|OJSC MegaFon|1|3|0|0|RUS06|正常|2013/8/1|2035/1/1|88|0|admin|2013/8/23 15:11:57|
10004|Sri Lanka Telecom|1|3|0|0|SLK04|正常|2013/8/1|2035/1/1|35|0|admin|2013/8/23 15:12:48|
10005|TELEKOMUNIKASI INDONESIA INTERNATIONAL (HONG KONG) LIMITED|1|3|0|0|IDN07|正常|2013/8/1|2035/1/1|11|0|admin|2013/8/23 15:13:50|
10006|Shinetown Telecommunications Ltd|1|3|0|0|HKG46|正常|2013/8/1|2035/1/1|9|0|admin|2013/8/23 15:15:06|
10008|Hanoi Telecom|1|3|0|0|VIE08|正常|2013/8/1|2035/1/1|44|0|admin|2013/8/23 15:22:07|
10009|BT Singapore|1|3|0|0|SIN10|正常|2013/8/1|2035/1/1|34|0|admin|2013/8/23 15:23:40|
93|ORANGE|1|3|0|0|FRA01|正常|2013/7/1|2035/1/1|65|1|admin|2013/8/8 4:15:40|
10020|Telekomunikasi Indonesia International Ltd|1|3|0|0|SIN11|正常|2013/10/16|2035/1/1|34|0|admin|2013/10/30 10:58:34|
252|SAO TOME AND PRINCIPE CST|1|1|0|0|STP01|正常|1999/1/1|2035/1/1|169|1|system|2007/9/13 7:58:55|
253|SUDAN SUDATEL|1|1|0|0|SUD01|正常|1999/1/1|2035/1/1|175|1|system|2007/9/13 7:58:55|
254|SURINAME TELESUR|1|1|0|0|SUR01|正常|1999/1/1|2035/1/1|126|1|system|2007/9/13 7:58:55|
4831|Telefonica International Wholesale Services II, S.L.U.|1|3|0|0|SPA10|正常|2018/4/12|2035/1/1|92|0|admin|2018/4/18 10:13:37|
4821|CTA MVNO (Peerless)|1|3|0|0|PRO08|正常|2018/2/22|2035/1/1|102|0|admin|2018/2/23 18:04:32|
4731|VOXBONE(GPBX)|6|3|0|0|PRO07|正常|2014/7/24|2035/1/1|9|0|admin|2017/3/13 10:22:30|
4740|U.K. CGNS (CTG)|1|3|0|0|UK_14|正常|2017/7/1|2035/1/1|96|0|admin|2017/6/15 13:51:50|
40064|iBasis Global, Inc.(CTA)|1|5|0|0|40064|正常|1999/1/1|2035/1/1|102|1|system|2015/3/16|
40065|IDT Corporation(CTA)|1|5|0|0|40065|正常|1999/1/1|2035/1/1|102|1|system|2015/3/16|
40067|iTalk Global Communications, Inc.(CTA)|1|5|0|0|40067|正常|1999/1/1|2035/1/1|102|1|system|2015/3/16|
40068|IVDA Resources LLC(CTA)|1|5|0|0|40068|正常|1999/1/1|2035/1/1|102|1|system|2015/3/16|
40069|JeaPing Netcom(CTA)|1|5|0|0|40069|正常|1999/1/1|2035/1/1|102|1|system|2015/3/16|
40070|KDDI Global LLC 1+1(CTA)|1|5|0|0|40070|正常|1999/1/1|2035/1/1|102|1|system|2015/3/16|
40071|Keywest Communications USA Inc (1+1)(CTA)|1|5|0|0|40071|正常|1999/1/1|2035/1/1|102|1|system|2015/3/16|
40072|KT America, Inc.(CTA)|1|5|0|0|40072|正常|1999/1/1|2035/1/1|102|1|system|2015/3/16|
40073|Lanck Telecom(CTA)|1|5|0|0|40073|正常|1999/1/1|2035/1/1|102|1|system|2015/3/16|
40074|Latinatel(CTA)|1|5|0|0|40074|正常|1999/1/1|2035/1/1|127|1|system|2015/3/16|
40075|Lexico Telecom LTD(CTA)|1|5|0|0|40075|正常|1999/1/1|2035/1/1|102|1|system|2015/3/16|
40076|Liantong Telecom(CTA)|1|5|0|0|40076|正常|1999/1/1|2035/1/1|102|1|system|2015/3/16|
40077|Lukainet(CTA)|1|5|0|0|40077|正常|1999/1/1|2035/1/1|37|1|system|2015/3/16|
40078|Matchcom(CTA)|1|5|0|0|40078|正常|1999/1/1|2035/1/1|102|1|system|2015/3/16|
40079|Mega Target(CTA)|1|5|0|0|40079|正常|1999/1/1|2035/1/1|9|1|system|2015/3/16|
40080|Megatel Network Corporation(CTA)|1|5|0|0|40080|正常|1999/1/1|2035/1/1|102|1|system|2015/3/16|
4708|Multinet|1|3|0|0|PAK03|正常|2015/7/10|2035/1/1|30|0|liub|2015/7/23|
40179|Ricochet, LLC.(CTA)|1|5|0|0|40179|正常|2016/5/26|2035/1/1|102|1|system|2016/5/26 15:17:02|
40175|Agora Lab Inc.(CTA)|1|5|0|0|40175|正常|2015/9/1|2035/1/1|102|1|admin|2016/6/4 1:00:08|
40177|ORANGE ESPAGNE, S.A.U.(CTA)|1|5|0|0|40177|正常|2015/11/3|2035/1/1|92|1|admin|2016/6/4 1:03:31|
4065|OPEN MARKET|1|1|0|0|UK_11|正常|2012/2/29|2035/1/1|96|0|GYZ|2012/3/2 14:43:52|
4192|GMC|1|1|0|0|TAI09|正常|2012/7/31|2035/1/1|37|0|GYZ|2012/7/31 16:46:33|
4193|AlwaysOn|1|1|0|0|SAF02|正常|2012/7/31|2035/1/1|174|0|GYZ|2012/7/31 16:57:54|
4194|True Internet|1|1|0|0|THA03|正常|2012/7/31|2035/1/1|39|0|GYZ|2012/7/31 17:30:03|
4195|PTC EARA|1|1|0|0|POL02|正常|2012/8/1|2035/1/1|85|0|GYZ|2012/8/1 10:01:45|
4200|Tomizone|1|1|0|0|CAN36|正常|2012/8/1|2035/1/1|100|0|GYZ|2012/8/1 10:35:39|
4196|THE CLOUD|1|1|0|0|DEN02|正常|2012/8/1|2035/1/1|60|0|GYZ|2012/8/1 10:20:32|
4198|T-Mobile|1|1|0|0|GER04|正常|2012/8/1|2035/1/1|66|0|GYZ|2012/8/1 10:22:49|
4201|FATPORT|1|1|0|0|CAN37|正常|2012/8/1|2035/1/1|100|0|GYZ|2012/8/1 10:37:11|
4221|Kubi Wireless|1|1|0|0|SPA06|正常|2012/8/1|2035/1/1|92|0|GYZ|2012/8/1 17:16:00|
4222|T-MOBILE|1|1|0|0|CZE02|正常|2012/8/1|2035/1/1|59|0|GYZ|2012/8/1 17:19:04|
4223|TeliaSonera|1|1|0|0|NOR02|正常|2012/8/1|2035/1/1|84|0|GYZ|2012/8/1 17:21:55|
380|iPASS Inc.|1|1|0|0|IPA00|正常|1999/1/1|2035/1/1|102|0|admin|2009/4/29 13:44:39|221024
8613|PTCL PAKISTAN|1|3|0|0|PAK02|正常|2009/6/12|2035/1/1|30|0|lyf|2009/6/12 17:33:09|
8626|TNZ-Plus ltd. KAZAKHSTAN|1|1|0|0|KAZ03|正常|2009/6/26|2035/1/1|17|0|CXN|2009/6/26 10:11:05|
8627|PT TELKOM, INDONESIA|1|1|0|0|IDN05|正常|2009/6/26|2035/1/1|11|0|CXN|2009/6/26 10:19:40|
8628|HKT GLOBAL (SINGAPORE) Pte. Ltd.|1|1|0|0|SIN07|正常|2009/7/1|2035/1/1|34|0|CXN|2009/6/26 11:17:33|
40081|MKY(CTA)|1|5|0|0|40081|正常|1999/1/1|2035/1/1|37|1|system|2015/3/16|
40082|MVNO ShangHai Call Center(CTA)|1|5|0|0|40082|正常|1999/1/1|2035/1/1|102|1|system|2015/3/16|
40083|MVNO---DIDWW(CTA)|1|5|0|0|40083|正常|1999/1/1|2035/1/1|102|1|system|2015/3/16|
40084|Nettalkus(CTA)|1|5|0|0|40084|正常|1999/1/1|2035/1/1|102|1|system|2015/3/16|
40085|New World Telecommunications Limited(CTA)|1|5|0|0|40085|正常|1999/1/1|2035/1/1|9|1|system|2015/3/16|
40086|NobelTel LLC(CTA)|1|5|0|0|40086|正常|1999/1/1|2035/1/1|102|1|system|2015/3/16|
4440|Sistema Shyam TeleServices Ltd.（SSTL）|1|1|0|0|IDA06|正常|2013/5/20|2035/1/1|10|0|zhaojj|2013/5/20 16:53:31|
40087|Nucom Swap(CTA)|1|5|0|0|40087|正常|1999/1/1|2035/1/1|102|1|system|2015/3/16|
40088|Nucom Technology, Inc.(CTA)|1|5|0|0|40088|正常|1999/1/1|2035/1/1|102|1|system|2015/3/16|
40089|OGI Telecom Corporation(CTA)|1|5|0|0|40089|正常|1999/1/1|2035/1/1|102|1|system|2015/3/16|
40090|Onestop Tel(CTA)|1|5|0|0|40090|正常|1999/1/1|2035/1/1|102|1|system|2015/3/16|
40091|Orbitel(CTA)|1|5|0|0|40091|正常|1999/1/1|2035/1/1|108|1|system|2015/3/16|
40092|PCCW Global Limited(CTA)|1|5|0|0|40092|正常|1999/1/1|2035/1/1|9|1|system|2015/3/16|
40093|Peerless(CTA)|1|5|0|0|40093|正常|1999/1/1|2035/1/1|102|1|system|2015/3/16|
40151|UP10(CTA)|1|5|0|0|40151|正常|1999/1/1|2035/1/1|102|1|admin|2016/8/5 13:40:27|
251|ST.PIERRE IS.FRANCETEL|1|1|0|0|SPI01|正常|1999/1/1|2035/1/1|125|1|huangch|2012/12/1 13:58:55|
4199|Globe|1|1|0|0|PHL11|正常|2012/8/1|2035/1/1|31|1|huangch|2012/12/1 13:58:55|
40095|Phonetime ZTE(CTA)|1|5|0|0|40095|正常|1999/1/1|2035/1/1|174|1|system|2015/3/16|
40096|Progressive Telecom LLC(CTA)|1|5|0|0|40096|正常|1999/1/1|2035/1/1|102|1|system|2015/3/16|
40097|PTGi - ICS(CTA)|1|5|0|0|40097|正常|1999/1/1|2035/1/1|102|1|system|2015/3/16|
40099|Quickcom Global Communications Limited(CTA)|1|5|0|0|40099|正常|1999/1/1|2035/1/1|9|1|system|2015/3/16|
40100|Red Sky(CTA)|1|5|0|0|40100|正常|1999/1/1|2035/1/1|102|1|system|2015/3/16|
40101|RGCCOR(CTA)|1|5|0|0|40101|正常|1999/1/1|2035/1/1|102|1|system|2015/3/16|
40102|Roadway Communications Inc.(CTA)|1|5|0|0|40102|正常|1999/1/1|2035/1/1|102|1|system|2015/3/16|
40103|Rudra Global, Inc.(CTA)|1|5|0|0|40103|正常|1999/1/1|2035/1/1|102|1|system|2015/3/16|
40104|Schnelco LLC(CTA)|1|5|0|0|40104|正常|1999/1/1|2035/1/1|102|1|system|2015/3/16|
40105|Secure IP(CTA)|1|5|0|0|40105|正常|1999/1/1|2035/1/1|102|1|system|2015/3/16|
40107|SMG Global(CTA)|1|5|0|0|40107|正常|1999/1/1|2035/1/1|102|1|system|2015/3/16|
40108|Spactron Ltd.(CTA)|1|5|0|0|40108|正常|1999/1/1|2035/1/1|171|1|system|2015/3/16|
40109|Sprint(CTA)|1|5|0|0|40109|正常|1999/1/1|2035/1/1|102|1|system|2015/3/16|
40110|Tata Communications (America) Inc.(CTA)|1|5|0|0|40110|正常|1999/1/1|2035/1/1|102|1|system|2015/3/16|
40111|Teamwork Telecom Inc(CTA)|1|5|0|0|40111|正常|1999/1/1|2035/1/1|102|1|system|2015/3/16|
40112|Telco214(CTA)|1|5|0|0|40112|正常|1999/1/1|2035/1/1|102|1|system|2015/3/16|
40113|Telecall(CTA)|1|5|0|0|40113|正常|1999/1/1|2035/1/1|102|1|system|2015/3/16|
40114|Telia Sonera(CTA)|1|5|0|0|40114|正常|1999/1/1|2035/1/1|102|1|system|2015/3/16|
40115|Telintel LTD(CTA)|1|5|0|0|40115|正常|1999/1/1|2035/1/1|102|1|system|2015/3/16|
40116|TIS(CTA)|1|5|0|0|40116|正常|1999/1/1|2035/1/1|73|1|system|2015/3/16|
40117|Titan(CTA)|1|5|0|0|40117|正常|1999/1/1|2035/1/1|102|1|system|2015/3/16|
40118|Total Telecom(CTA)|1|5|0|0|40118|正常|1999/1/1|2035/1/1|102|1|system|2015/3/16|
40119|Totalcall International(CTA)|1|5|0|0|40119|正常|1999/1/1|2035/1/1|102|1|system|2015/3/16|
40120|Touchstone System Inc.(CTA)|1|5|0|0|40120|正常|1999/1/1|2035/1/1|102|1|system|2015/3/16|
40121|U-Phone(CTA)|1|5|0|0|40121|正常|1999/1/1|2035/1/1|102|1|system|2015/3/16|
40122|US Online Sales, Inc(CTA)|1|5|0|0|40122|正常|1999/1/1|2035/1/1|102|1|system|2015/3/16|
40123|USmatrix(CTA)|1|5|0|0|40123|正常|1999/1/1|2035/1/1|102|1|system|2015/3/16|
40124|Varsatel(CTA)|1|5|0|0|40124|正常|1999/1/1|2035/1/1|102|1|system|2015/3/16|
40125|Velosolution(CTA)|1|5|0|0|40125|正常|1999/1/1|2035/1/1|100|1|system|2015/3/16|
40127|Verizon(CTA)|1|5|0|0|40127|正常|1999/1/1|2035/1/1|102|1|system|2015/3/16|
255|ST. VINCENT IS.C|1|1|0|0|SVI01|正常|1999/1/1|2035/1/1|227|1|system|2007/9/13 7:58:55|
256|SLOVAK TELECOM|1|1|0|0|SVK01|正常|1999/1/1|2035/1/1|90|1|system|2007/9/13 7:58:55|
257|SLOVENIA TELECOM|1|1|0|0|SVN01|正常|1999/1/1|2035/1/1|91|1|system|2007/9/13 7:58:55|
258|SWAZILAND SPTC|1|1|0|0|SWA01|正常|1999/1/1|2035/1/1|176|1|system|2007/9/13 7:58:55|
260|SWEDEN TELE2|1|1|0|0|SWE02|正常|1999/1/1|2035/1/1|94|0|system|2007/9/13 7:58:55|
261|SWEDEN TERACOM AB|1|1|0|0|SWE03|正常|1999/1/1|2035/1/1|94|0|system|2007/9/13 7:58:55|
262|SWITZERLAND SWISSCOM|1|1|0|0|SWI01|正常|1999/1/1|2035/1/1|95|1|system|2007/9/13 7:58:55|
4884|SmarTone Mobile Communications Limited|1|1|0|0|HKG68|正常|2018/12/3|2035/1/1|9|0|admin|2018/12/3 18:26:51|
4847|MUNI S.A.|1|1|0|0|EGN02|正常|2018/6/6|2035/1/1|145|0|admin|2018/6/7 9:04:15|
4751|Protel S.A.L.(offshore)|1|3|0|0|LEB02|正常|2017/8/18|2035/1/1|23|0|admin|2017/8/21 15:27:22|
294|U.S.A. INFONET(PS/CS)|1|1|0|0|USA07|正常|1999/1/1|2035/1/1|102|0|system|2007/9/13 7:58:55|
295|U.S.A. GRAPHNET(PS/TG/TX)|1|1|0|0|USA08|正常|1999/1/1|2035/1/1|102|0|system|2007/9/13 7:58:55|
296|U.S.A. ADP(PS)|1|1|0|0|USA09|正常|1999/1/1|2035/1/1|102|0|system|2007/9/13 7:58:55|
297|U.S.A. ITXC|1|1|0|0|USA10|正常|1999/1/1|2035/1/1|102|0|system|2007/9/13 7:58:55|
298|U.S.A. AT CONNECT|1|1|0|0|USA11|正常|1999/1/1|2035/1/1|102|0|system|2007/9/13 7:58:55|
299|U.S.A. KDD AMERICA(PS)|1|1|0|0|USA12|正常|1999/1/1|2035/1/1|102|0|system|2007/9/13 7:58:55|
300|U.S.A. SNETC(PS)|1|1|0|0|USA13|正常|1999/1/1|2035/1/1|102|0|system|2007/9/13 7:58:55|
301|U.S.A BELL ATLANTIC(PS)|1|1|0|0|USA14|正常|1999/1/1|2035/1/1|102|0|system|2007/9/13 7:58:55|
302|U.S.A BELLSOUTH(PS)|1|1|0|0|USA15|正常|1999/1/1|2035/1/1|102|0|system|2007/9/13 7:58:55|
303|U.S.A AMERITECH(PS)|1|1|0|0|USA16|正常|1999/1/1|2035/1/1|102|0|system|2007/9/13 7:58:55|
304|U.S.A NYNEX(PS)|1|1|0|0|USA17|正常|1999/1/1|2035/1/1|102|0|system|2007/9/13 7:58:55|
305|U.S.A PACIFIC TELESIS(PS)|1|1|0|0|USA18|正常|1999/1/1|2035/1/1|102|0|system|2007/9/13 7:58:55|
306|U.S.A SOUTHWESTERN BELL(PS)|1|1|0|0|USA19|正常|1999/1/1|2035/1/1|102|0|system|2007/9/13 7:58:55|
307|U.S.A U.S.WESTINC(PS)|1|1|0|0|USA20|正常|1999/1/1|2035/1/1|102|0|system|2007/9/13 7:58:55|
308|U.S.A TELEPHONE ASSOCIAT.(TG)|1|1|0|0|USA21|正常|1999/1/1|2035/1/1|102|0|system|2007/9/13 7:58:55|
309|U.S.A CCI(PS/TG/TX)|1|1|0|0|USA22|正常|1999/1/1|2035/1/1|102|0|system|2007/9/13 7:58:55|
310|U.S.A USEI|1|1|0|0|USA23|正常|1999/1/1|2035/1/1|102|0|system|2007/9/13 7:58:55|
311|U.S.A MMR(TG/TX)|1|1|0|0|USA24|正常|1999/1/1|2035/1/1|102|0|system|2007/9/13 7:58:55|
312|U.S.A USL(TG)|1|1|0|0|USA25|正常|1999/1/1|2035/1/1|102|0|system|2007/9/13 7:58:55|
313|U.S.A CM|1|3|0|0|HKG10|正常|1999/1/1|2035/1/1|102|0|system|2007/9/13 7:58:55|
314|U.S.A GCC|1|1|0|0|USA27|正常|1999/1/1|2035/1/1|102|0|system|2007/9/13 7:58:55|
315|U.S.A TECHNET|1|1|0|0|USA28|正常|1999/1/1|2035/1/1|102|0|system|2007/9/13 7:58:55|
316|U.S.A SINOCOLO|1|1|0|0|USA31|正常|1999/1/1|2035/1/1|102|0|system|2007/9/13 7:58:55|
317|UZBEKISTAN KHALKARO TELECOM|1|1|0|0|UZB01|正常|1999/1/1|2035/1/1|43|1|system|2007/9/13 7:58:55|
318|VANUATU TELECOM|1|1|0|0|VAN01|正常|1999/1/1|2035/1/1|216|1|system|2007/9/13 7:58:55|
4705|NTT(CTG)|1|3|0|0|JAP22|正常|2015/5/28|2035/1/1|15|0|liub|2015/6/4|
4706|Mobifone|1|3|0|0|VIE33|正常|2015/5/26|2035/1/1|44|0|liub|2015/6/4|
4707|TAIWAN CHUNGHWA TELECOM (CTG)|1|3|0|0|TAI12|正常|2015/6/8|2035/1/1|37|0|liub|2015/6/11|
40165|Arptel(CTA)|1|5|0|0|40165|正常|1999/1/1|2035/1/1|102|1|system|2015/3/16|
30088|Test(CTE)|1|4|0|0|TKYA3|正常|2015/12/1|2016/2/29|40|0|admin|2016/3/11 9:08:21|
40172|AVYS TELECOM S. A.(CTA)|1|5|0|0|40172|正常|2015/9/16|2035/1/1|92|1|admin|2016/4/29 5:35:18|
30072|TelservBV(CTE)|1|4|0|0|NETA1|正常|1999/1/1|2035/1/1|83|1|system|2014/12/5|
30073|Zamir Telecom(CTE)|1|4|0|0|UK_AB|正常|1999/1/1|2035/1/1|96|1|system|2014/12/5|
30075|Liquid Telecom(CTE)|1|4|0|0|UK_AC|正常|1999/1/1|2035/1/1|96|1|system|2014/12/5|
319|VATICAN GOVT|1|1|0|0|VAT01|正常|1999/1/1|2035/1/1|98|1|system|2007/9/13 7:58:55|
320|VIRGIN IS. (BRITISH) TELECOM|1|1|0|0|VBI01|正常|1999/1/1|2035/1/1|247|1|system|2007/9/13 7:58:55|
321|VENEZUELA CANTV|1|1|0|0|VEN01|正常|1999/1/1|2035/1/1|128|1|system|2007/9/13 7:58:55|
323|VIRGIN IS. (U.S.A.) TELECOM|1|1|0|0|VUI01|正常|1999/1/1|2035/1/1|229|1|system|2007/9/13 7:58:55|
324|WAKE IS.GOVT|1|1|0|0|WAI01|正常|1999/1/1|2035/1/1|238|1|system|2007/9/13 7:58:55|
325|WALLIS AND FUTUNA IS.FCR|1|1|0|0|WFI01|正常|1999/1/1|2035/1/1|217|1|system|2007/9/13 7:58:55|
655|VSNL SINGAPORE PTE LTD.|1|1|0|0|SIN05|正常|1999/1/1|2035/1/1|34|0|system|2007/9/13 7:58:55|
656|BBG|1|1|0|0|BEI02|正常|2006/10/1|2035/1/1|219|0|system|2007/9/13 7:58:55|
582|GLOBAL MARINE SYSTEMS LIMTED|1|1|0|0|UK_04|正常|1999/1/1|2035/1/1|96|0|system|2007/9/13 7:58:55|
650|PCCW GLOBAL (SINGAPORE) PTE LTD|1|1|0|0|SIN04|正常|1999/1/1|2035/1/1|34|0|system|2007/9/13 7:58:55|
583|Global Marine Systems Limited|1|1|0|0||正常|1999/1/1|2035/1/1|96|0|system|2007/9/13 7:58:55|
584|CNS(UK)|1|1|0|0|UK_05|正常|1999/1/1|2035/1/1|96|0|system|2008/4/17 16:26:13|
3503|CJSC TransTeleCom|1|1|0|0|RUS04|正常|2010/9/25|2035/1/1|88|0|CXN|2010/9/25 10:26:23|
8167|SYNIVERSE TECHNOLOGIES,INC.|2|1|0|0|USA57|正常|2008/12/1|2035/1/1|102|0|CXN|2009/6/19 9:52:20|
3381|NTT Com Asia Limited|1|1|0|0|HKG20|正常|2010/7/13|2035/1/1|9|0|CXN|2010/7/21 15:03:02|
30089|Ooredoo(CTE)|1|4|0|0|UAEA0|正常|2016/2/12|2035/1/1|42|0|admin|2016/2/19 10:28:06|
4720|BridgeVoice INC|1|3|0|0|USA61|正常|2016/7/4|2035/1/1|102|0|liub|2016/7/7|
4714|Bharti Airtel (UK) Limited|1|3|0|0|UK_13|正常|2016/3/23|2035/1/1|96|0|admin|2016/3/28|
30095|Sigma(CTE)|1|4|0|0|TKYA4|正常|2016/5/26|2035/1/1|40|0|admin|2016/5/30 11:05:51|
1000|CHINA TELECOM CO.|1|3|0|0|CHN06|正常|1999/1/1|2035/1/1|246|0|lyf|2009/4/24 18:37:58|2
340|MARISAT ATLANTIC EAST/C(TX)|1|1|0|0|MRS13|正常|1999/1/1|2035/1/1|254|1|system|2007/9/13 7:58:56|
341|MARISAT ATLANTIC EAST/M|1|1|0|0|MRS14|正常|1999/1/1|2035/1/1|255|1|system|2007/9/13 7:58:56|
342|MARISAT ATLANTIC EAST/Mini-M|1|1|0|0|MRS15|正常|1999/1/1|2035/1/1|256|1|system|2007/9/13 7:58:56|
343|MARISAT ATLANTIC WEST/A|1|1|0|0|MRS16|正常|1999/1/1|2035/1/1|257|1|system|2007/9/13 7:58:56|
344|MARISAT ATLANTIC WEST/B|1|1|0|0|MRS17|正常|1999/1/1|2035/1/1|258|1|system|2007/9/13 7:58:56|
345|MARISAT ATLANTIC WEST/C(TX)|1|1|0|0|MRS18|正常|1999/1/1|2035/1/1|259|1|system|2007/9/13 7:58:56|
346|MARISAT ATLANTIC WEST/M|1|1|0|0|MRS19|正常|1999/1/1|2035/1/1|260|1|system|2007/9/13 7:58:56|
347|MARISAT ATLANTIC WEST/Mini-M|1|1|0|0|MRS20|正常|1999/1/1|2035/1/1|261|1|system|2007/9/13 7:58:56|
348|MARISAT INDIAN/A|1|1|0|0|MRS21|正常|1999/1/1|2035/1/1|262|1|system|2007/9/13 7:58:56|
349|MARISAT INDIAN/B|1|1|0|0|MRS22|正常|1999/1/1|2035/1/1|263|1|system|2007/9/13 7:58:56|
350|MARISAT INDIAN/C(TG)|1|1|0|0|MRS23|正常|1999/1/1|2035/1/1|264|1|system|2007/9/13 7:58:56|
351|MARISAT INDIAN/M|1|1|0|0|MRS24|正常|1999/1/1|2035/1/1|265|1|system|2007/9/13 7:58:56|
352|MARISAT INDIAN/Mini-M|1|1|0|0|MRS25|正常|1999/1/1|2035/1/1|266|1|system|2007/9/13 7:58:56|
353|MARISAT PACIFIC/A|1|1|0|0|MRS26|正常|1999/1/1|2035/1/1|267|1|system|2007/9/13 7:58:56|
354|MARISAT PACIFIC/B|1|1|0|0|MRS27|正常|1999/1/1|2035/1/1|268|1|system|2007/9/13 7:58:56|
355|MARISAT PACIFIC/C(TX)|1|1|0|0|MRS28|正常|1999/1/1|2035/1/1|269|1|system|2007/9/13 7:58:56|
356|MARISAT PACIFIC/M|1|1|0|0|MRS29|正常|1999/1/1|2035/1/1|270|1|system|2007/9/13 7:58:56|
357|MARISAT PACIFIC/Mini-M|1|1|0|0|MRS30|正常|1999/1/1|2035/1/1|271|1|system|2007/9/13 7:58:56|
361|MARISAT|1|1|0|0|MRS00|正常|1999/1/1|2035/1/1|245|1|system|2007/9/13 7:58:56|
362|PALESTINE|1|1|0|0|PLS01|正常|1999/1/1|2035/1/1|47|1|system|2007/9/13 7:58:56|
363|CHINA CDMA|1|1|0|0|CHN04|正常|1999/1/1|2035/1/1|246|0|system|2007/9/13 7:58:56|
47|TATA COMMUNICATIONS (CANADA) ULC|1|3|0|0|CAN01|正常|1999/1/1|2035/1/1|100|1|system|2015/8/5 9:56:58|
364|NETHERLANDS XANTIC TELECOM|1|1|0|0|NET02|正常|1999/1/1|2035/1/1|83|0|system|2007/9/13 7:58:56|
366|TAIWAN SPARQ|1|1|0|0|TAI05|正常|1999/1/1|2035/1/1|37|0|system|2007/9/13 7:58:56|
367|TAIWAN TFN|1|1|0|0|TAI06|正常|1999/1/1|2035/1/1|37|1|system|2007/9/13 7:58:56|
40141|Verizon-zte-CA2(CTA)|1|5|0|0|40141|正常|1999/1/1|2035/1/1|102|1|system|2015/3/16|
40128|Vertex(CTA)|1|5|0|0|40128|正常|1999/1/1|2035/1/1|102|1|system|2015/3/16|
40130|Vinculum Communications, Inc. 1+1(CTA)|1|5|0|0|40130|正常|1999/1/1|2035/1/1|102|1|system|2015/3/16|
40132|Virtutone Networks, Inc.(CTA)|1|5|0|0|40132|正常|1999/1/1|2035/1/1|102|1|system|2015/3/16|
4848|Magticom Ltd|1|1|0|0|GEO02|正常|2018/6/13|2035/1/1|8|0|admin|2018/6/25 17:17:51|
4849|Africell RDC sprl|1|1|0|0|COD01|正常|2018/6/13|2035/1/1|181|0|admin|2018/6/25 17:18:44|
4793|EE Limited|1|1|0|0|UK_17|正常|2018/1/4|2035/1/1|96|0|admin|2018/1/22 16:41:00|
30101|NOS Telecom(CTE)|1|4|0|0|PORA0|正常|2017/1/1|2035/1/1|86|0|admin|2017/1/4 14:07:08|
4796|Orange Espagne, S.A., sociedad unipersonal|1|1|0|0|SPA09|正常|2018/1/9|2035/1/1|92|0|admin|2018/1/22 16:42:04|
4797|PrimeTel PLC|1|1|0|0|CYP02|正常|2018/1/9|2035/1/1|58|0|admin|2018/1/22 16:42:31|
4798|MOBIFONE CORPORATION|1|1|0|0|VIE34|正常|2018/1/9|2035/1/1|44|0|admin|2018/1/22 16:42:55|
4799|Telefonica Germany GmbH & Co. OHG|1|1|0|0|GER06|正常|2018/1/11|2035/1/1|66|0|admin|2018/1/22 16:44:02|
4800|Proximus PLC|1|1|0|0|BGM03|正常|2018/1/19|2035/1/1|54|0|admin|2018/1/22 16:44:35|
4801|Tango SA|1|1|0|0|LUX04|正常|2018/1/19|2035/1/1|78|0|admin|2018/1/22 16:45:09|
4802|Bulgarian Telecommunications Company EAD|1|1|0|0|BUL02|正常|2018/1/19|2035/1/1|56|0|admin|2018/1/22 16:45:42|
4803|KPN B.V.|1|1|0|0|NET06|正常|2018/1/19|2035/1/1|83|0|admin|2018/1/22 16:46:06|
4804|Unitel LLC|1|1|0|0|MGL05|正常|2018/1/19|2035/1/1|27|0|admin|2018/1/22 16:46:31|
4805|VIETNAMOBILE TELECOMMUNICATIONS JOINT STOCK COMPANY|1|1|0|0|VIE35|正常|2018/1/19|2035/1/1|44|0|admin|2018/1/22 16:46:54|
4794|T-Mobile Austria GmbH|1|1|0|0|AUT04|正常|2018/1/4|2035/1/1|185|0|admin|2018/1/22 17:15:35|
4872|Two Degrees Networks Limited|1|1|0|0|NZL05|正常|2018/9/27|2035/1/1|186|0|admin|2018/9/30 10:58:25|
4795|MTEL d.o.o. Podgorica|1|1|0|0|SCG01|正常|2018/1/9|2035/1/1|363|0|admin|2018/1/22 16:41:34|
151|LG U+|1|3|0|0|KOR01|正常|2010/7/1|2035/1/1|19|1|admin|2018/9/30 11:10:50|
4871|Mahanagar Telephone (Mauritius) Ltd.|1|1|0|0|MRT04|正常|2018/9/27|2035/1/1|161|0|admin|2018/9/30 10:57:41|
4873|Telserv B.V.|1|3|0|0|NET07|正常|2018/9/26|2035/1/1|83|0|admin|2018/9/30 11:28:23|
4770|JT (Jersey) Limited|1|1|0|0|UK_16|正常|2017/11/16|2035/1/1|96|0|admin|2017/11/17 11:57:58|
4771|Telecom26 AG|1|1|0|0|SWI06|正常|2017/11/16|2035/1/1|95|0|admin|2017/11/17 11:58:29|
4772|Teleena,Holding B.V.|1|1|0|0|NET05|正常|2017/11/16|2035/1/1|83|0|admin|2017/11/17 11:58:59|
4723|MCM Group Limited|1|3|0|0|HKG53|正常|2016/11/24|2035/1/1|9|0|admin|2016/12/20 11:11:00|
4725|CTG MVNO|1|3|0|0|PRO05|正常|2016/12/7|2035/1/1|9|0|admin|2016/12/19 14:20:54|
4726|CTG MVNO GMSCe|1|3|0|0|PRO06|正常|2017/1/6|2035/1/1|9|0|admin|2017/1/10 15:49:14|
4743|Sunrise Communications AG|1|1|0|0|SWI05|正常|2017/7/20|2035/1/1|176|0|admin|2017/7/24 10:40:56|
4747|Joint Stock Company KazTransCom|1|1|0|0|KAZ04|正常|2017/6/7|2035/1/1|17|0|admin|2017/7/27 10:53:15|
4735|Telekom Slovenije, D.D.|1|3|0|0|SVN03|正常|2017/5/11|2035/1/1|91|0|admin|2017/5/12 16:47:40|
4734|Reliance Jio Infocomm Pte Limited|1|3|0|0|IDA07|正常|2017/5/11|2035/1/1|10|0|admin|2017/5/12 16:48:10|
4850|PCCW Global Limited (SMS)|1|3|0|0|HKG64|正常|2018/6/22|2035/1/1|9|0|admin|2018/6/22 18:08:37|
4792|China Telecom (Africa and Middle East) Limited|1|1|0|0|MRT03|正常|2017/12/25|2035/1/1|161|0|admin|2017/12/25 14:24:24|
4851|Shenzhen Micronet Information Technology Co., Ltd|1|3|0|0|CHN08|正常|2018/6/22|2035/1/1|246|0|admin|2018/6/22 18:08:56|
4855|Mobitel (Pvt) Limited|1|1|0|0|SLK06|正常|2018/8/14|2035/1/1|35|0|admin|2018/8/15 14:18:08|
4881|China Telecom Macau (SMS)|1|3|0|0|MAC03|正常|2018/11/12|2035/1/1|24|0|admin|2018/11/28 11:14:42|
4856|Cubic Telecom Ltd.|1|1|0|0|IRE04|正常|2018/8/14|2035/1/1|72|0|admin|2018/8/15 14:18:54|
4826|CTA MVNO (CenturyLink)|1|3|0|0|PRO10|正常|2018/3/16|2035/1/1|102|0|admin|2018/3/23 9:16:42|
30103|Arptel_CTE（CTE）|1|4|0|0|CHNA5|正常|2017/3/23|2035/1/1|246|0|admin|2017/3/28 17:38:44|
4777|S and BTS Global KK|1|3|0|0|JAP23|正常|2017/12/4|2035/1/1|15|0|admin|2017/12/4 17:56:06|
7466|Transatel|1|1|0|0|FRA06|正常|2017/4/1|2035/1/1|65|0|admin|2017/3/30 18:02:53|
7467|MTX|1|1|0|0|LUX03|正常|2017/4/1|2035/1/1|78|0|admin|2017/3/30 18:03:08|
140|JAPAN KDDI|1|3|0|0|JAP01|正常|1999/1/1|2035/1/1|15|1|admin|2017/8/23 10:20:17|
4789|Hutchison Telephone Company Limited|1|1|0|0|HKG62|正常|2017/12/8|2035/1/1|9|0|admin|2017/12/8 15:08:19|
4889|GTI (HK) Limited (CTG SMS)|1|3|0|0|HKG69|正常|2018/12/21|2035/1/1|9|0|admin|2018/12/21 19:04:48|
4729|HKBN Enterprise Solutions Limited (CTG)|1|3|0|0|HKG55|正常|2017/4/1|2035/1/1|9|0|admin|2017/2/7 15:40:36|
4703|M1 Limited|1|3|0|0|SIN12|正常|2015/3/23|2035/1/1|34|0|admin|2017/3/1 10:31:31|
4727|A. Shan Telecom (H.K.) Limited|1|3|0|0|HKG54|正常|2017/1/20|2035/1/1|9|0|admin|2017/1/25 10:15:42|
4728|AzInTelecom LLC|1|3|0|0|AZE02|正常|2017/1/23|2035/1/1|2|0|admin|2017/1/25 10:24:42|
4733|KT HONGKONG|1|1|0|0|HKG56|正常|2017/4/20|2035/1/1|9|0|admin|2017/4/24 13:59:28|
40181|Techrrific Inc.（CTA）|1|5|0|0|40181|正常|2017/5/12|2035/1/1|100|0|admin|2017/5/16 10:13:24|
30107|Telecel Global|1|4|0|0|SEYA0|正常|2017/8/1|2035/1/1|171|0|admin|2017/8/3 15:03:05|
4776|Tata Communications Deutschland GmbH|1|1|0|0|GER05|正常|2017/11/1|2035/1/1|66|0|admin|2017/11/29 17:56:09|
30094| Telia Lietuva, AB(CTE)|1|4|0|0|LITA1|正常|2016/4/28|2035/12/31|77|0|admin|2017/3/15 18:08:53|
40183|Office IP Phone 2|1|5|0|0|40183|正常|2018/1/1|2035/1/1|102|0|admin|2018/1/16 14:41:57|
30109|TNZI(CTE)|1|4|0|0|UK_AE|正常|2017/9/29|2035/1/1|96|0|admin|2017/9/29 17:08:48|
40052|Etelix.com USA LLC|1|5|0|0|40052|正常|1999/1/1|2035/1/1|102|1|admin|2017/10/25 1:18:43|
40182|Office IP Phone 1|1|5|0|0|40182|正常|2018/1/1|2035/1/1|102|0|admin|2018/1/16 14:38:03|
40184|CenturyLInk Toll Free|1|5|0|0|40184|正常|2018/1/1|2035/1/1|102|0|admin|2018/1/16 14:44:16|
4823|VOXBONE NV|1|3|0|0|BGM04|正常|2018/3/1|2035/1/1|54|0|admin|2018/3/1 15:39:57|
10007|Ventel Limited|1|3|0|0|RUS07|正常|2013/8/1|2035/1/1|88|0|admin|2017/2/20 17:40:31|
4870|China Unicom (Hong Kong) Operations Limited|1|3|0|0|HKG65|正常|2018/9/19|2035/1/1|9|0|admin|2018/9/21 14:23:12|
4890|Emirates Telecom Corp-ETISALAT|1|1|0|0|UAE03|正常|2018/12/25|2035/1/1|42|0|admin|2018/12/26 15:02:08|
659|SK Broadband Co.,Ltd.|1|3|0|0|KOR06|正常|2009/7/1|2035/1/1|19|0|admin|2017/5/2 11:27:51|
30114|GPBX_CTE(CTE)|1|4|0|0|UK_AF|正常|2018/9/10|2035/1/1|96|0|admin|2018/9/11 15:24:52|
30116|Arptel_CTE_2019（CTE）|1|4|0|0|PROA0|正常|2019/1/1|2035/1/1|246|0|admin|2018/12/26 15:29:33|
4891|PTI Pacifica Inc.|1|1|0|0|GUM04|正常|2018/12/25|2035/1/1|194|0|admin|2018/12/26 15:02:20|
4892|Celcom Axiata Berhad|1|1|0|0|MLS11|正常|2018/12/25|2035/1/1|25|0|admin|2018/12/26 15:02:33|
4893|T-Mobile USA, Inc|1|1|0|0|USA72|正常|2018/12/25|2035/1/1|102|0|admin|2018/12/26 15:02:45|
4894|PT Telekomunikasi Selular|1|1|0|0|IDN10|正常|2018/12/25|2035/1/1|11|0|admin|2018/12/26 15:03:02|
4895|Tele Greenland A/S|1|1|0|0|GRI02|正常|2018/12/25|2035/1/1|69|0|admin|2018/12/26 15:03:26|
4896|Societe Nationale des Telecommunications|1|1|0|0|COM02|正常|2018/12/25|2035/1/1|140|0|admin|2018/12/26 15:03:44|
4897|Lonestar Communications Corporation|1|1|0|0|LBR02|正常|2018/12/25|2035/1/1|155|0|admin|2018/12/26 15:03:58|
4898|Ncell Pvt. Ltd|1|1|0|0|NEP02|正常|2018/12/25|2035/1/1|28|0|admin|2018/12/26 15:04:12|
4899|Swazi MTN Limited|1|1|0|0|SWA02|正常|2018/12/25|2035/1/1|176|0|admin|2018/12/26 15:04:23|
4900|Yemen Mobile Phone Company - Sabafon|1|1|0|0|YEM04|正常|2018/12/25|2035/1/1|46|0|admin|2018/12/26 15:04:35|
4901|Spacetel-Benin|1|1|0|0|BEN02|正常|2018/12/25|2035/1/1|132|0|admin|2018/12/26 15:04:46|
4902|Wind Hellas Telecommunications S.A.|1|1|0|0|GRC02|正常|2018/12/25|2035/1/1|68|0|admin|2018/12/26 15:04:59|
4739|Gimi Mobile Communications Co., Limited|1|3|0|0|HKG57|正常|2017/6/5|2035/1/1|9|0|admin|2017/6/6 11:14:38|
4836|Plivo Inc.|1|3|0|0|USA69|正常|2018/5/2|2035/1/1|102|0|admin|2018/5/7 9:56:36|
4819|AeroMobile AS|1|1|0|0|NOR06|正常|2018/2/5|2035/1/1|84|0|admin|2018/2/7 17:48:09|
4820|one.Vip DOOEL Skopje|1|1|0|0|MCD02|正常|2018/2/5|2035/1/1|79|0|admin|2018/2/7 17:47:37|
4817|Telia Lietuva AB|1|1|0|0|LIT02|正常|2018/2/5|2035/1/1|77|0|admin|2018/2/7 17:49:01|
369|MOTOROLA IRIDIUM|1|1|0|0|IRD01|正常|1999/1/1|2035/1/1|288|1|system|2007/9/13 7:58:56|
370|IEP|1|1|0|0|IEP00|正常|1999/1/1|2035/1/1|289|1|system|2007/9/13 7:58:56|
376|C9999|1|1|0|0|C9999|正常|1999/1/1|2035/1/1|246|0|system|2007/9/13 7:58:56|
377|C8888|1|1|0|0|C8888|正常|1999/1/1|2035/1/1|246|0|system|2007/9/13 7:58:56|
378|GRIC|1|1|0|0|GRI00|正常|2001/10/18|2035/1/1|102|0|system|2007/9/13 7:58:56|
379|INTELSAT|1|1|0|0|INT00|正常|2001/10/1|2035/1/1|96|0|system|2007/9/13 7:58:56|
381|UIFN REGISTER ITU|1|1|0|0|ITU00|正常|1999/1/1|2035/1/1|95|0|system|2007/9/13 7:58:56|
382|INTELSAT(XINHUASHE)|1|1|0|0||正常|2000/12/31|2035/1/1|102|0|system|2007/9/13 7:58:56|
383|SONERA SOLUTIONS LTD|1|1|0|0||正常|1999/1/1|2035/1/1|64|0|system|2007/9/13 7:58:56|
384|France Telecom (PSDS)|1|1|0|0||正常|1999/1/1|2035/1/1|65|0|system|2007/9/13 7:58:56|
388|INTELSAT (ZONGZHUANG)|1|1|0|0|INT01|正常|1999/1/1|2035/1/1|246|0|system|2007/9/13 7:58:56|
263|SWITZERLAND RADIO MARITIME(TG)|1|1|0|0|SWI02|正常|1999/1/1|2035/1/1|95|0|system|2007/9/13 7:58:55|
264|SYRIA STE|1|1|0|0|SYR01|正常|1999/1/1|2035/1/1|36|1|system|2007/9/13 7:58:55|
265|TAIWAN CHUNGHWA TELECOM|1|1|0|0|TAI01|正常|1999/1/1|2035/1/1|37|0|system|2007/9/13 7:58:55|
266|TAIWAN ITA(PS)|1|1|0|0|TAI02|正常|1999/1/1|2035/1/1|37|0|system|2007/9/13 7:58:55|
267|TAIWAN DATA COMMU. CENTER(PS)|1|1|0|0|TAI04|正常|1999/1/1|2035/1/1|37|0|system|2007/9/13 7:58:55|
268|REP OF TAJIKISTAN GOVT|1|1|0|0|TAJ01|正常|1999/1/1|2035/1/1|38|1|system|2007/9/13 7:58:55|
269|TANZANIA TTCL|1|1|0|0|TAN01|正常|1999/1/1|2035/1/1|177|1|system|2007/9/13 7:58:55|
270|TRINIDAD AND TOBAGO TSTT|1|1|0|0|TAT01|正常|1999/1/1|2035/1/1|214|1|system|2007/9/13 7:58:55|
271|TURKS AND CAICOS IS.C|1|1|0|0|TCI01|正常|1999/1/1|2035/1/1|228|1|system|2007/9/13 7:58:55|
272|CAT TELECOM|1|1|0|0|THA01|正常|1999/1/1|2035/1/1|39|1|system|2007/9/13 7:58:55|
273|TIMOR GOVT|1|1|0|0|TIM01|正常|1999/1/1|2035/1/1|235|1|system|2007/9/13 7:58:55|
274|TURKMENISTAN TELECOM|1|1|0|0|TKM01|正常|1999/1/1|2035/1/1|41|1|system|2007/9/13 7:58:55|
275|TURKEY TELEKOM|1|1|0|0|TKY01|正常|2002/7/1|2035/1/1|40|1|system|2007/9/13 7:58:55|
276|TOGO TELECOM|1|1|0|0|TOG01|正常|1999/1/1|2035/1/1|178|1|system|2007/9/13 7:58:55|
277|TOKELAU IS.GOVT|1|1|0|0|TOI01|正常|1999/1/1|2035/1/1|212|1|system|2007/9/13 7:58:55|
278|TONGA C|1|1|0|0|TON01|正常|1999/1/1|2035/1/1|213|1|system|2007/9/13 7:58:55|
99|DEUTSCHE TELEKOM|1|3|0|0|GER01|正常|1999/1/1|2035/1/1|66|1|system|2007/9/13 7:58:55|
100|GHANA GOVT|1|1|0|0|GHA01|正常|1999/1/1|2035/1/1|149|1|system|2007/9/13 7:58:55|
101|GIBRALTAR GIBTEL|1|1|0|0|GIB01|正常|1999/1/1|2035/1/1|67|1|system|2007/9/13 7:58:55|
229|Telekom SA Ltd (TSA)|1|3|0|0|SAF01|正常|1999/1/1|2035/1/1|174|1|QJ|2015/8/5 9:56:58|
102|GUINEA SOTELGUI S.A.|1|1|0|0|GNA01|正常|1999/1/1|2035/1/1|150|1|system|2007/9/13 7:58:55|
103|GREECE O.T.E|1|1|0|0|GRC01|正常|1999/1/1|2035/1/1|68|1|system|2007/9/13 7:58:55|
104|GREENLAND IS.TELE DANMARK|1|1|0|0|GRI01|正常|1999/1/1|2035/1/1|69|1|system|2007/9/13 7:58:55|
105|GRENADA GRENTEL|1|1|0|0|GRN01|正常|1999/1/1|2035/1/1|221|1|system|2007/9/13 7:58:55|
106|GUATEMALA GUATEL|1|1|0|0|GTM01|正常|1999/1/1|2035/1/1|114|1|system|2007/9/13 7:58:55|
107|GUADELOUPE IS.FRANCE TELECOM|1|1|0|0|GUI01|正常|1999/1/1|2035/1/1|113|1|system|2007/9/13 7:58:55|
108|GUAM MCIW|1|1|0|0|GUM01|正常|1999/1/1|2035/1/1|194|1|system|2007/9/13 7:58:55|
109|GUANTANAMO BAY(TG)|1|1|0|0|GUN00|正常|1999/1/1|2035/1/1|277|1|system|2007/9/13 7:58:55|
110|GUYANA GUYTELCO|1|1|0|0|GUY01|正常|1999/1/1|2035/1/1|116|1|system|2007/9/13 7:58:55|
111|HAITI TELECO|1|1|0|0|HAT01|正常|1999/1/1|2035/1/1|117|1|system|2007/9/13 7:58:55|
112|VERIZON HAWAII|1|1|0|0|HAW01|正常|1999/1/1|2035/1/1|102|0|system|2007/9/13 7:58:55|
113|HAWAII（U.S.A）DATATEL(TX)|1|1|0|0|HAW02|正常|1999/1/1|2035/1/1|241|0|system|2007/9/13 7:58:55|
114|HAWAII（U.S.A）WUH(TX)|1|1|0|0|HAW03|正常|1999/1/1|2035/1/1|241|0|system|2007/9/13 7:58:55|
115|HONDURAS HONDUTEL|1|1|0|0|HDR01|正常|1999/1/1|2035/1/1|118|1|system|2007/9/13 7:58:55|
117|HONG KONG ATT EASY LINK(TX/PS)|1|1|0|0|HKG02|正常|1999/1/1|2035/1/1|9|0|system|2007/9/13 7:58:55|
118|HONGKONG HKTI-1|1|1|0|0|HKG03|正常|1999/1/1|2035/1/1|9|0|system|2007/9/13 7:58:55|
119|HONGKONG HKTI-2|1|1|0|0|HKG04|正常|1999/1/1|2035/1/1|9|0|system|2007/9/13 7:58:55|
587|VIETNAM POWER TELECOM|1|1|0|0|VIE03|正常|1999/1/1|2035/1/1|44|0|system|2007/9/13 7:58:55|
581|交通部中国交通通信中心|1|1|0|0|JTT01|正常|2005/6/1|2035/1/1|246|0|system|2007/9/13 7:58:55|
121|HONGKONG WHARF T|1|3|0|0|HKG07|正常|1999/1/1|2035/1/1|9|0|system|2015/8/5 9:56:58|
122|HUTCHISON GLOBAL COMMUNICATIONS LIMITED|1|3|0|0|HKG08|正常|1999/1/1|2035/1/1|9|0|system|2007/9/13 7:58:55|
123|HONGKONG WANBAO TELECOM|1|3|0|0|HKG09|正常|1999/1/1|2035/1/1|9|0|system|2007/9/13 7:58:55|
124|CHINA HONGKONG RADIO(TG)|1|1|0|0|HKG0R|正常|1999/1/1|2035/1/1|9|0|system|2007/9/13 7:58:55|
125|HUNGARY HUNHTC|1|1|0|0|HUN01|正常|1999/1/1|2035/1/1|70|1|system|2007/9/13 7:58:55|
126|ICELAND TELECOM ICELAND|1|1|0|0|ICE01|正常|1999/1/1|2035/1/1|71|1|system|2007/9/13 7:58:55|
127|INDIA VSNL|1|1|0|0|IDA01|正常|1999/1/1|2035/1/1|10|0|system|2008/3/12 11:42:01|
128|INDONESIA INDOSAT|1|3|0|0|IDN01|正常|1999/1/1|2035/1/1|11|1|system|2015/8/5 9:56:58|
129|INDONESIA SATELINDO|1|1|0|0|IDN02|正常|1999/1/1|2035/1/1|11|0|system|2007/9/13 7:58:55|
131|IRAN TCI|1|1|0|0|IRN01|正常|1999/1/1|2035/1/1|12|1|system|2007/9/13 7:58:55|
132|IRAQ GOVT|1|1|0|0|IRQ01|正常|1999/1/1|2035/1/1|13|1|system|2007/9/13 7:58:55|
133|ISRAEL BEZEQ TELECOM|1|1|0|0|ISR01|正常|1999/1/1|2035/1/1|14|1|system|2007/9/13 7:58:55|
134|ISRAEL GOLDEN LINES|1|1|0|0|ISR02|正常|1999/1/1|2035/1/1|14|0|system|2007/9/13 7:58:55|
135|SPARKLE ITALY|1|3|0|0|ITA01|正常|1999/1/1|2035/1/1|73|1|system|2015/8/5 9:56:58|
136|ITALY TELESPAZIO(TV)|1|1|0|0|ITA02|正常|1999/1/1|2035/1/1|73|0|system|2007/9/13 7:58:55|
137|ITALY TELECOM GOVT|1|1|0|0|ITA03|正常|1999/1/1|2035/1/1|73|0|system|2007/9/13 7:58:55|
138|IVORY COAST TELECOM|1|1|0|0|IVO01|正常|1999/1/1|2035/1/1|152|1|system|2007/9/13 7:58:55|
139|JAMAICA TOJ|1|1|0|0|JAM01|正常|1999/1/1|2035/1/1|74|1|system|2007/9/13 7:58:55|
141|SOFTBANK TELECOM Corp.|1|1|0|0|JAP02|正常|1999/1/1|2035/1/1|15|0|system|2007/9/13 7:58:55|
142|JAPAN TELECOM IDC INC.|1|1|0|0|JAP03|正常|1999/1/1|2035/1/1|15|0|system|2007/9/13 7:58:55|
143|JAPAN NIS(PS)|1|1|0|0|JAP04|正常|1999/1/1|2035/1/1|15|0|system|2007/9/13 7:58:55|
144|JAPAN NTT|1|1|0|0|JAP05|正常|1999/1/1|2035/1/1|15|0|system|2007/9/13 7:58:55|
145|PACIFIC TELECOM|1|1|0|0|JAP07|正常|1999/1/1|2035/1/1|15|0|system|2007/9/13 7:58:55|
146|JORDAN GOVT|1|1|0|0|JOR01|正常|1999/1/1|2035/1/1|16|1|system|2007/9/13 7:58:55|
147|KAZAKHSTAN KAZAKTELECOM|1|1|0|0|KAZ01|正常|1999/1/1|2035/1/1|17|0|system|2007/9/13 7:58:55|
4400|Mobitel|1|1|0|0|SVN02|正常|2013/4/1|2035/1/1|91|0|zhaojj|2013/4/18 11:02:38|
4401|AKIWIFI|1|1|0|0|SPA07|正常|2013/4/1|2035/1/1|92|0|zhaojj|2013/4/18 11:02:38|
4402|Wiera kft.|1|1|0|0|HUN02|正常|2013/4/1|2035/1/1|70|0|zhaojj|2013/4/18 11:02:38|
4403|O-Zone|1|1|0|0|IDA05|正常|2013/4/1|2035/1/1|10|0|zhaojj|2013/4/18 11:02:38|
4392|VEX|1|1|0|0|BRA08|正常|2013/4/1|2035/1/1|106|0|zhaojj|2013/4/18 11:24:32|
7465|HTC|1|1|0|0|VIE05|正常|2008/7/30|2035/1/1|44|0|lyf|2008/9/16 15:37:27|
662|TM SRI LANKA|1|1|0|0|SLK02|正常|1999/1/1|2035/1/1|35|0|system|2008/1/28 11:32:50|
663|APCN2 CBP|1|1|0|0|CBP01|正常|1999/1/1|2035/1/1|246|0|system|2008/4/17 16:14:33|
664|VERIZON SINGAPORE|1|1|0|0|SIN06|正常|2007/11/27|2035/1/1|34|0|system|2008/3/12 17:58:53|
665|PCCW GLOBAL LIMITED|1|3|0|0|HKG15|正常|2007/11/1|2035/1/1|9|0|system|2008/1/28 11:32:50|
7458|Pelephone|1|1|0|0|ISR03|正常|2008/7/30|2035/1/1|14|0|CXN|2008/8/1 9:40:36|
2080|CELCOM|1|1|0|0|MLS06|正常|2008/2/1|3000/12/31|25|0|LB|2008/2/22 11:42:51|
7448|Aliant|1|1|0|0|CAN32|正常|2008/7/30|2035/1/1|100|0|lyf|2008/7/31 17:52:41|
7449|SaskTel Mobility|1|1|0|0|CAN33|正常|2008/7/30|2035/1/1|100|0|lyf|2008/7/31 17:53:18|
4|ALASKA(U.S.A) AT|1|1|0|0|ALA02|正常|1999/1/1|2035/1/1|240|1|system|2007/9/13 7:58:54|
5|ALBANIA TELECOM|1|1|0|0|ALB01|正常|1999/1/1|2035/1/1|48|1|system|2007/9/13 7:58:54|
7|ANDORRA STA|1|1|0|0|AND01|正常|1999/1/1|2035/1/1|49|1|system|2007/9/13 7:58:54|
4661|Lao Gateway Company Limited|1|3|0|0|LAO04|正常|2014/6/27|2035/1/1|22|0|admin|2018/3/8 15:08:37|
120|HKBN Enterprise Solutions Limited|1|1|0|0|HKG06|正常|1999/1/1|2035/1/1|9|0|admin|2017/1/25 11:13:17|
4876|EMnify GmbH|1|1|0|0|GER08|正常|2018/10/17|2035/1/1|66|0|admin|2018/10/19 14:04:04|
365|Maxis Broadband Sdn. Bhd.|1|3|0|0|MLS02|正常|2013/4/1|2035/1/1|25|0|admin|2016/12/26 16:52:42|
4742|Arcadia Communication Pte LtdCommunication Pte Ltd|1|3|0|0|SIN14|正常|2017/7/6|2035/1/1|34|0|admin|2017/7/10 18:13:20|
4879|NTT DOCOMO, Inc.|1|1|0|0|JAP24|正常|2018/10/31|2035/1/1|15|0|admin|2018/11/1 18:06:16|
4827|China Telecom (Europe) CTG|1|3|0|0|UK_18|正常|2018/4/1|2035/1/1|96|0|admin|2018/3/27 15:45:57|
4875|Nova ehf.|1|1|0|0|ICE03|正常|2018/10/17|2035/1/1|71|0|admin|2018/10/19 10:27:00|
4880|SMART COMMUNICATIONS, INC.|1|1|0|0|PHL12|正常|2018/10/31|2035/1/1|31|0|admin|2018/11/1 18:28:48|
4882|Global Voice & Messaging Limited (Premium)|1|3|0|0|HKG66|正常|2018/11/21|2035/1/1|9|0|admin|2018/11/21 17:01:09|
4883|XHT888 HK Co Limited|1|3|0|0|HKG67|正常|2018/11/21|2035/1/1|9|0|admin|2018/11/21 17:25:31|
660|TRANSTELECOM JSC|1|1|0|0|KAZ02|正常|2007/3/30|2035/1/1|17|0|admin|2017/7/27 9:54:31|
30110|Apelby(CTE)|1|4|0|0|GERA1|正常|2017/10/9|2035/1/1|66|0|admin|2017/10/9 18:01:00|
30113|DJT(CTE)|1|4|0|0|DJIA0|正常|2018/3/12|2035/1/1|143|0|admin|2018/3/13 15:12:53|
4780|TELUS Communications Inc.|1|1|0|0|CAN38|正常|2017/12/5|2035/1/1|100|0|admin|2017/12/7 16:21:34|
4830|Comfone Key2roam|1|1|0|0|SWI09|正常|2018/4/2|2035/1/1|95|0|admin|2018/4/17 10:45:58|
4874|Telecom International Myanmar Co., Ltd|1|1|0|0|MYA04|正常|2018/10/19|2035/1/1|6|0|admin|2018/10/19 10:02:18|
4791|Salt Mobile SA|1|1|0|0||正常|2017/12/19|2035/1/1|95|0|admin|2017/12/20 15:02:53|
4773|South East Asia Telecom (Cambodia) Co., Ltd|1|3|0|0|CBD06|正常|2017/11/23|2035/1/1|7|0|admin|2017/11/28 18:24:20|
4730|GPBX|6|3|0|0|PRO03|正常|2014/7/21|2035/1/1|9|0|admin|2017/3/7 16:55:58|
7233|Telstra Services Asia Pacific (HK) Limited|1|3|0|0|HKG17|正常|2017/7/1|2035/1/1|9|1|admin|2017/7/7 14:16:25|
30102|SIP trunk Outbound|1|4|0|0|KENA1|正常|2017/3/1|2035/1/1|153|0|admin|2017/9/7 18:50:41|
30100|VWS(CTE)|1|4|0|0|RUSA6|正常|2016/11/29|2035/1/1|83|0|admin|2018/8/29 10:43:18|
4774|Bright Telecom Group, Inc.-Standard|1|3|0|0|USA64|正常|2017/11/28|2035/1/1|102|0|admin|2017/11/28 18:23:20|
4775|Bright Telecom Group, Inc.-Premium|1|3|0|0|USA65|正常|2017/11/28|2035/1/1|102|0|admin|2017/11/28 18:23:56|
4790|Global Voice & Messaging Limited|1|3|0|0|HKG63|正常|2017/12/13|2035/1/1|9|0|admin|2017/12/14 11:04:23|
116|Telstra International Limited (Reach Hong Kong)|1|3|0|0|HKG01|正常|2000/10/1|2035/1/1|9|1|admin|2018/7/12 14:57:26|
8126|ARTERIA Networks Corporation (GLOBAL ACCESS LTD.)|1|1|0|0|JAP13|正常|2009/1/15|2035/1/1|15|0|admin|2018/7/12 14:58:10|
4750|Vasudev Global Pte Ltd|1|3|0|0|SIN16|正常|2017/8/16|2035/1/1|34|0|admin|2017/8/21 11:51:06|
4878|Telefonica Brasil SA|1|1|0|0|BRA10|正常|2018/10/30|2035/1/1|106|0|admin|2018/10/31 16:57:14|
4877|Pegaso PCS, S.A. de C.V.|1|1|0|0|MEX03|正常|2018/10/30|2035/1/1|101|0|admin|2018/10/31 16:44:18|
4752|TT Mobil Iletisim Hizmetleri Anonim Sirketi|1|1|0|0|TKY03|正常|2017/8/17|2035/1/1|40|0|admin|2018/7/31 14:17:34|
4749|Telecom Italia SpA|1|1|0|0|ITA06|正常|2017/8/4|2035/1/1|73|0|admin|2017/8/21 18:51:31|
4785|Universal Mobile Systems LLC|1|1|0|0|UZB02|正常|2017/12/5|2035/1/1|43|0|admin|2018/7/31 14:22:39|
4854|TELXIUS CABLE AMERICA S.A|1|1|0|0|USA71|正常|2018/7/23|2035/1/1|102|0|admin|2018/8/2 15:03:28|
30105|Kenya SBC2900-1（CTE）|1|4|0|0|KENA2|正常|2017/4/20|2035/1/1|153|0|admin|2017/4/20 19:34:29|
4745|AT Mobility LLC|1|1|0|0|USA63|正常|2017/7/21|2035/1/1|102|0|admin|2017/7/24 17:22:26|
30106|Kenya SBC2900-2（CTE）|1|4|0|0|KENA3|正常|2017/4/20|2035/1/1|153|0|admin|2017/4/20 19:34:13|
30115|Dialoga(CTE)|1|4|0|0|RUSA7|正常|2018/9/18|2035/1/1|88|0|admin|2018/9/19 15:48:22|
4765|Chunghwa Telecom Singapore Pte Ltd|1|3|0|0|SIN18|正常|2017/9/7|2035/1/1|34|0|admin|2017/9/8 10:18:32|
4888|Arptel Test Carrier|1|3|0|0|PRO11|正常|2019/1/1|2035/1/1|246|0|admin|2018/12/20 16:35:05|
4760|TELEFONICA MOVILES ESPANA, S.A.|1|1|0|0|SPA08|正常|2017/8/17|2035/1/1|92|0|admin|2017/8/23 14:11:20|
4759|PT Indosat Tbk|1|1|0|0|IDN09|正常|2017/8/17|2035/1/1|11|0|admin|2017/8/23 14:11:34|
4758|KT Corporation|1|1|0|0|KOR11|正常|2017/8/17|2035/1/1|19|0|admin|2017/8/23 14:11:52|
4757|dtac TriNet Co., Ltd.|1|1|0|0|THA07|正常|2017/8/17|2035/1/1|39|0|admin|2017/8/23 14:12:10|
4756|A1 Telekom Austria AG|1|1|0|0|AUT03|正常|2017/8/17|2035/1/1|52|0|admin|2017/8/23 14:12:34|
4755|StarHub Mobile Pte Ltd|1|1|0|0|SIN17|正常|2017/8/17|2035/1/1|34|0|admin|2017/8/23 14:12:49|
4754|Advanced Wireless Network Company Limited|1|1|0|0|THA06|正常|2017/8/17|2035/1/1|39|0|admin|2017/8/23 14:13:07|
4753|Viettel (Cambodia) Pte., Ltd.|1|1|0|0|CBD05|正常|2017/8/17|2035/1/1|7|0|admin|2017/8/23 14:13:27|
4767|Baotel Limited|1|3|0|0|HKG60|正常|2017/11/6|2035/1/1|9|0|admin|2017/11/9 9:27:55|
4837|Chunghwa Telecom Global, Inc. (NCP O CBP)|1|1|0|0|USA70|正常|2018/4/1|2035/1/1|102|0|admin|2018/5/14 16:43:24|
4886|Taobao (China) Software Co., Ltd|1|3|0|0|CHN10|正常|2018/12/14|2035/1/1|246|0|admin|2018/12/17 17:09:58|
4887|Orange Slovensko, a.s.|1|1|0|0|SVK02|正常|2018/12/18|2035/1/1|90|0|admin|2018/12/18 18:33:13|
666|SAMSUNG NETWORK INC.|1|3|0|0|KOR07|正常|1999/1/1|2035/1/1|19|0|admin|2018/7/2 15:01:21|
4724|PERUSAHAAN PERSEROAN (PERSERO) PT TELEKOMUNIKASI INDONESIA, TBK.|1|1|0|0|IDN08|正常|2016/12/1|2035/1/1|11|1|admin|2018/8/6 17:13:29|
30001|Ceska telekomunikacni infrastruktura a.s.（CTE）|1|4|0|0|CZEA0|正常|1999/1/1|2035/1/1|59|1|admin|2017/3/31 17:52:16|
30104|Global PBX(CTE)|1|4|0|0|CHNA6|正常|2017/3/23|2035/1/1|246|0|admin|2017/3/31 18:00:39|
4866|MegaFon PJSC|1|1|0|0|RUS10|正常|2018/8/20|2035/1/1|88|0|admin|2018/8/22 14:14:39|
4741|Telecom Development Company Afghanistan Corporation|1|3|0|0|AFG01|正常|2017/6/20|2035/1/1|1|0|admin|2017/6/20 11:38:34|
578|ETL Company Limited|1|3|0|0|LAO02|正常|1999/1/1|2035/1/1|22|1|admin|2017/9/14 9:15:54|
30112|Euroweb|1|4|0|0|ROMA2|正常|2018/2/16|2035/1/1|87|0|admin|2018/2/22 9:58:50|
4868|Telekom Srbija a.d.|1|1|0|0|YUG03|正常|2018/8/20|2035/1/1|99|0|admin|2018/8/22 14:15:10|
4869|Melita Ltd.|1|1|0|0|MLT04|正常|2018/8/20|2035/1/1|80|0|admin|2018/8/22 14:15:23|
4857|ATM Mobilis|1|1|0|0|ALG02|正常|2018/8/20|2035/1/1|129|0|admin|2018/8/22 14:12:21|
4858|TIM Celular S.A.|1|1|0|0|BRA09|正常|2018/8/20|2035/1/1|106|0|admin|2018/8/22 14:12:36|
4859|Fjarskipti hf|1|1|0|0|ICE02|正常|2018/8/20|2035/1/1|71|0|admin|2018/8/22 14:12:48|
4860|KaR-Tel LLP|1|1|0|0|KAZ05|正常|2018/8/20|2035/1/1|17|0|admin|2018/8/22 14:13:03|
4861|VIPnet d.o.o.|1|1|0|0|CRO02|正常|2018/8/20|2035/1/1|57|0|admin|2018/8/22 14:13:20|
4862|Ooredoo Maldives|1|1|0|0|MLD03|正常|2018/8/20|2035/1/1|26|0|admin|2018/8/22 14:13:37|
4863|Lintel (SL) Ltd.|1|1|0|0|SLE03|正常|2018/8/20|2035/1/1|172|0|admin|2018/8/22 14:13:52|
4864|Telenor Magyarorszag Zrt|1|1|0|0|HUN03|正常|2018/8/20|2035/1/1|70|0|admin|2018/8/22 14:14:07|
4865|Manx Telecom|1|1|0|0|UK_19|正常|2018/8/20|2035/1/1|96|0|admin|2018/8/22 14:14:27|
4867|Wana Corporate|1|1|0|0|MOR02|正常|2018/8/20|2035/1/1|162|0|admin|2018/8/22 14:14:53|
4736|KOREA(ROK) KT(CTG)|1|3|0|0|KOR10|正常|2017/6/1|2035/1/1|19|0|admin|2017/10/17 17:40:37|
30111|Techriffic(CTE)|1|4|0|0|CANA0|正常|2017/10/18|2035/1/1|100|0|admin|2017/10/18 16:15:29|
4778|Spark New Zealand Trading Limited|1|1|0|0|NZL04|正常|2017/12/4|2035/1/1|186|0|admin|2017/12/7 16:20:22|
4779|Optus Mobile Pty Ltd|1|1|0|0|AUS03|正常|2017/12/4|2035/1/1|185|0|admin|2017/12/7 16:21:00|
4781|Bell Mobility Inc.|1|1|0|0|CAN39|正常|2017/12/5|2035/1/1|100|0|admin|2017/12/7 16:21:59|
4783|MYANMA POSTS AND TELECOMMUNICATIONS|1|1|0|0|MYA02|正常|2017/12/5|2035/1/1|6|0|admin|2017/12/7 16:22:50|
4784|Ooredoo Myanmar Limited|1|1|0|0|MYA03|正常|2017/12/5|2035/1/1|6|0|admin|2017/12/7 16:23:12|
4786|JSC  Uzbektelecom|1|1|0|0|UZB03|正常|2017/12/5|2035/1/1|43|0|admin|2017/12/7 16:24:35|
4787|Smart Axiata Co., Ltd.|1|1|0|0|CBD07|正常|2017/12/5|2035/1/1|7|0|admin|2017/12/7 16:25:01|
4788|DOCOMO PACIFIC, INC.|1|1|0|0|GUM03|正常|2017/12/5|2035/1/1|194|0|admin|2017/12/7 16:25:22|
4737|广州二六三移动通信有限公司|1|1|0|0|CHN07|正常|2017/5/19|2035/1/1|246|0|admin|2017/5/25 17:25:19|
4744|Telefónica UK Limited|1|1|0|0|UK_15|正常|2017/7/20|2035/1/1|96|0|admin|2017/7/24 17:13:04|
8|ANGOLA TELECOM|1|1|0|0|ANG01|正常|1999/1/1|2035/1/1|130|1|system|2007/9/13 7:58:54|
9|ANGUILLA IS. C|1|1|0|0|ANI01|正常|1999/1/1|2035/1/1|230|1|system|2007/9/13 7:58:54|
10|TELECOM ARGENTINA|1|1|0|0|ARG01|正常|1999/1/1|2035/1/1|103|1|system|2007/9/13 7:58:54|
11|ARGENTINA TELECONICA|1|1|0|0|ARG02|正常|1999/1/1|2035/1/1|103|0|system|2007/9/13 7:58:54|
12|ARUBA IS.SETAR|1|1|0|0|ARI01|正常|1999/1/1|2035/1/1|51|1|system|2007/9/13 7:58:54|
13|ARMENIA GOVT|1|1|0|0|ARM01|正常|1999/1/1|2035/1/1|50|1|system|2007/9/13 7:58:54|
4852|Donghwa Telecom Co., Ltd|1|1|0|0|TAI32|正常|2018/7/9|2035/1/1|37|0|admin|2018/7/11 17:29:03|
4853|中国联合网络通信有限公司青岛市分公司|1|1|0|0|CHN09|正常|2018/7/9|2035/1/1|246|0|admin|2018/7/11 17:29:24|
389|INTELSAT (CHANGCHENG)|1|1|0|0|INT02|正常|1999/1/1|2035/1/1|246|0|system|2007/9/13 7:58:56|
390|TUN net|1|1|0|0||正常|1999/1/1|2035/1/1|100|0|system|2007/9/13 7:58:56|
391|NetworkTwo Communications Grou|1|1|0|0||正常|1999/1/1|2035/1/1|102|0|system|2007/9/13 7:58:56|
392|Williams|1|1|0|0|WIL01|正常|1999/1/1|2035/1/1|102|0|system|2007/9/13 7:58:56|
393|JASAT|1|1|0|0||正常|1999/1/1|2035/1/1|15|0|system|2007/9/13 7:58:56|
394|TELEGLOBE|1|1|0|0||正常|1999/1/1|2035/1/1|102|0|system|2007/9/13 7:58:56|
396|INTELSAT(DIZHENJU)|1|1|0|0|INT05|正常|1999/1/1|2035/1/1|246|0|system|2007/9/13 7:58:56|
399|BAYANTEL|1|1|0|0|PHL10|正常|1999/1/1|2035/1/1|31|0|system|2007/9/13 7:58:56|
400|CWUSA|1|1|0|0|USA33|正常|1999/1/1|2035/1/1|102|0|system|2007/9/13 7:58:56|
401|CHINA MOTION|1|1|0|0|USA32|正常|1999/1/1|2035/1/1|102|0|system|2007/9/13 7:58:56|
402|SARKOR-TELECOM Co.|1|1|0|0|USA34|正常|1999/1/1|2035/1/1|43|0|system|2007/9/13 7:58:56|
403|香港和记环球电讯有限公司|1|1|0|0|HKG08|正常|1999/1/1|2035/1/1|9|0|system|2007/9/13 7:58:56|
453|JAPAN JASAT|1|1|0|0||正常|1999/1/1|2035/1/1|15|0|system|2007/9/13 7:58:56|
454|船舶|1|1|0|0|CHB01|正常|1999/1/1|2035/1/1|246|0|system|2007/9/13 7:58:56|
505|DANMARK TELE DANMARK(PSDS)|1|1|0|0||正常|1999/1/1|2035/1/1|60|0|system|2007/9/13 7:58:56|
506|XANTIC B.V.|1|1|0|0|NET03|正常|1999/1/1|2035/1/1|83|0|system|2007/9/13 7:58:56|
508|Japan JT|1|1|0|0||正常|1999/1/1|2035/1/1|15|0|system|2007/9/13 7:58:56|
509|ITDC|1|1|0|0||正常|1999/1/1|2035/1/1|246|0|system|2007/9/13 7:58:56|
510|HONGKONG CM|1|1|0|0||正常|1999/1/1|2035/1/1|9|0|system|2007/9/13 7:58:56|
512|SMART PHILIPPINES|1|1|0|0|PHL07|正常|1999/1/1|2035/1/1|31|0|system|2007/9/13 7:58:56|
556|HONGKONG CTI|1|3|0|0|HKG11|正常|1999/1/1|2035/1/1|9|0|system|2007/9/13 7:58:56|
558|GALAXY TELESYS INC.(GTI)|1|1|0|0|USA40|正常|1999/1/1|2035/1/1|102|0|system|2007/9/13 7:58:56|
559|香港VIPC公司|1|1|0|0|HKG40|正常|1999/1/1|2035/1/1|9|0|system|2007/9/13 7:58:56|
560|TELEKOM SRBIJA|1|1|0|0|YUG01|正常|1999/1/1|2035/1/1|99|0|system|2007/9/13 7:58:56|
561|CHINA TELECOM (U.S.A.)|1|1|0|0|USA41|正常|2003/3/1|2035/1/1|102|0|system|2007/9/13 7:58:56|
562|TIME dotCom Berhad|1|1|0|0|MLS04|正常|2003/3/1|2035/1/1|25|0|system|2007/9/13 7:58:56|
563|MCI WorldCom Malaysia Sdn Bhd|1|1|0|0|MLS05|正常|1999/1/1|2035/1/1|25|0|system|2007/9/13 7:58:56|
564|U.S.A. NEW FIRM NET|1|1|0|0|USA42|正常|1999/1/1|2035/1/1|102|0|system|2007/9/13 7:58:56|
566|AT (HK) Ltd.|1|1|0|0|USA43|正常|1999/1/1|2035/1/1|102|0|system|2007/9/13 7:58:56|
569|iBasis,Inc|1|1|0|0|USA44|正常|1999/1/1|2035/1/1|102|0|system|2007/9/13 7:58:56|
570|MCI (MFS)|1|1|0|0|USA50|正常|2003/1/1|2035/1/1|102|0|system|2007/9/13 7:58:56|
571|MCI International|1|1|0|0|USA46|正常|2003/1/1|2035/1/1|102|0|system|2007/9/13 7:58:56|
572|VIETNEM DATACOMMUNICATION COMPANY|1|1|0|0|VIE02|正常|1999/1/1|2035/1/1|44|0|system|2007/9/13 7:58:56|
574|CHINA NETWORK COMMUNICATION INTERNATIONAL|1|1|0|0|CHN05|正常|1999/1/1|2035/1/1|246|0|system|2007/9/13 7:58:56|
575|HONGKONG CMT|1|1|0|0|HKG12|正常|1999/1/1|2035/1/1|9|0|system|2007/9/13 7:58:56|
576|Srbija Telecom|1|1|0|0|YUG02|正常|1999/1/1|2035/1/1|99|0|system|2007/9/13 7:58:56|
577|IT OVERSEAS INC.|1|1|0|0|USA45|正常|1999/1/1|2035/1/1|102|0|system|2007/9/13 7:58:56|
579|NTT America,Inc.|1|1|0|0|JAP16|正常|1999/1/1|2035/1/1|15|0|system|2007/9/13 7:58:56|
580|CITIC TELECOM 1616 LTD|1|3|0|0|HKG13|正常|1999/1/1|2035/1/1|9|0|system|2007/9/13 7:58:56|
586|JAPAN KCS|1|1|0|0|JAP17|正常|1999/1/1|2035/1/1|15|0|system|2007/9/13 7:58:56|
608|SPRINT HONG KONG LIMITED|1|1|0|0|USA49|正常|2005/10/25|2035/1/1|9|0|system|2007/9/13 7:58:56|
40171|Confiar Technology Ltd.(CTA)|1|5|0|0|40171|正常|2015/7/7|2035/1/1|102|1|system|2015/3/16|
30060|Telemach(CTE)|1|4|0|0|KAZA0|正常|1999/1/1|2035/1/1|91|1|admin|2015/11/11 22:15:57|
651|国家海洋局|1|1|0|0|HYJ01|正常|1999/1/1|2035/1/1|246|0|system|2008/4/9 10:42:30|
653|RUSSIA MTT|1|3|0|0|RUS02|正常|2006/7/1|2035/1/1|88|0|system|2007/9/13 7:58:56|
628|FLAG TELECOM|1|1|0|0|UK_06|正常|2005/11/29|2035/1/1|96|0|system|2007/9/13 7:58:56|
631|RELIANCE COMMUNICATIONS (HK) LIMITED|1|3|0|0|IDA03|正常|2006/1/1|2035/1/1|10|0|system|2007/9/13 7:58:56|
130|IRELAND TELECOM EIREANN|1|1|0|0|IRE01|正常|1999/1/1|2035/1/1|72|1|system|2007/9/13 7:58:56|
652|CONGO D.R. CCT|1|1|0|0|CON02|正常|2006/7/1|2035/1/1|181|0|system|2007/9/13 7:58:56|
649|CHINA TELECOM (HK)|1|1|0|0|HKG14|正常|1999/1/1|2035/1/1|9|0|system|2007/9/13 7:58:56|
7433|Bell Mobility|1|1|0|0|CAN31|正常|2008/7/30|2035/1/1|100|0|lyf|2008/7/31 17:35:28|
7434|Alltel|1|1|0|0|USA51|正常|2008/7/30|2035/1/1|102|0|lyf|2008/7/31 17:35:28|
629|SK TELINK|1|1|0|0|KOR05|正常|2005/12/1|2035/1/1|19|0|system|2007/9/13 7:58:56|
40166|Viber Inc.(CTA)|1|5|0|0|40166|正常|1999/1/1|2035/1/1|102|1|system|2015/5/27|
40167|Infinity VOIP Inc.(CTA)|1|5|0|0|40167|正常|1999/1/1|2035/1/1|102|1|system|2015/5/27|
40168|TMHM Technology(CTA)|1|5|0|0|40168|正常|1999/1/1|2035/1/1|25|1|system|2015/5/27|
588|WILTEL COMMUNICATIONS,LLC|1|1|0|0|USA47|正常|1999/1/1|2035/1/1|102|0|system|2007/9/13 7:58:55|
589|SAVVIS|1|1|0|0|USA48|正常|1999/1/1|2035/1/1|102|0|system|2007/9/13 7:58:55|
648|CONCERT|1|1|0|0|UK_07|正常|1999/1/1|2035/1/1|96|0|system|2007/9/13 7:58:55|
326|YEMEN A.R.TELEYEMEN|1|1|0|0|YEM01|正常|1999/1/1|2035/1/1|46|1|system|2007/9/13 7:58:55|
327|YEMEN A.R.PTC(TG)|1|1|0|0|YEM02|正常|1999/1/1|2035/1/1|46|0|system|2007/9/13 7:58:55|
328|YEMEN A.R.YEMENTEL(TG)|1|1|0|0|YEM03|正常|1999/1/1|2035/1/1|46|0|system|2007/9/13 7:58:55|
329|YUGOSLAVIA GOVT|1|1|0|0|YUG00|正常|1999/1/1|2035/1/1|99|1|system|2007/9/13 7:58:55|
330|ZAIRE ONPTZ|1|1|0|0|ZAI01|正常|1999/1/1|2035/1/1|181|1|system|2007/9/13 7:58:55|
331|ZAMBIA ZAMTEL|1|1|0|0|ZAM01|正常|1999/1/1|2035/1/1|182|1|system|2007/9/13 7:58:55|
332|ZANZIBAR GOVT|1|1|0|0|ZAN01|正常|1999/1/1|2035/1/1|183|1|system|2007/9/13 7:58:55|
333|ZIMBABWE GOVT|1|1|0|0|ZIM01|正常|1999/1/1|2035/1/1|184|1|system|2007/9/13 7:58:55|
334|MARISAT ATLANTIC EAST|1|1|0|0|MRS01|正常|1999/1/1|2035/1/1|248|1|system|2007/9/13 7:58:55|
335|MARISAT ATLANTIC WEST|1|1|0|0|MRS02|正常|1999/1/1|2035/1/1|249|1|system|2007/9/13 7:58:55|
336|MARISAT INDIAN|1|1|0|0|MRS03|正常|1999/1/1|2035/1/1|250|1|system|2007/9/13 7:58:55|
7946|中国建设银行(行业短信)  |5|1|0|0||正常|2008/10/1|2018/10/1|246|1|system|2008/12/26 16:01:51|
7947|北京信城通数码科技有限公司(行业应用）  |5|1|0|0||正常|2008/10/1|2018/10/1|246|1|system|2008/12/26 16:01:51|
7948|北京东方般若科技发展有限公司(行业短信)  |5|1|0|0||正常|2008/10/1|2018/10/1|246|1|system|2008/12/26 16:01:51|
7949|北京鸿联九五信息产业有限公司（行业应用）  |5|1|0|0||正常|2008/10/1|2018/10/1|246|1|system|2008/12/26 16:01:51|
7950|北京新网互联科技有限公司  |5|1|0|0||正常|2008/10/1|2018/10/1|246|1|system|2008/12/26 16:01:51|
7951|北京国都信业科技有限公司(行业短信)  |5|1|0|0||正常|2008/10/1|2018/10/1|246|1|system|2008/12/26 16:01:51|
7952|上海浦东发展银行股份有限公司(行业短信)  |5|1|0|0||正常|2008/10/1|2018/10/1|246|1|system|2008/12/26 16:01:51|
7953|北京联龙博通电子商务技术有限公司(行业短信)  |5|1|0|0||正常|2008/10/1|2018/10/1|246|1|system|2008/12/26 16:01:51|
7954|上海绿湖网络技术有限公司(行业应用)?  |5|1|0|0||正常|2008/10/1|2018/10/1|246|1|system|2008/12/26 16:01:51|
7955|北京掌上通网络技术有限公司(行业短信)  |5|1|0|0||正常|2008/10/1|2018/10/1|246|1|system|2008/12/26 16:01:51|
7956|联通华建网络有限公司(行业应用)  |5|1|0|0||正常|2008/10/1|2018/10/1|246|1|system|2008/12/26 16:01:51|
7957|华源润通(北京)科技有限公司(行业应用)  |5|1|0|0||正常|2008/10/1|2018/10/1|246|1|system|2008/12/26 16:01:51|
30074|ORANGE ESPANA COMUNICACIONES FIJAS, S.L.U(CTE)|1|4|0|0|SPAA1|正常|1999/1/1|2035/1/1|92|1|admin|2017/5/25 17:36:24|
4748|SingTel Mobile Singapore Pte. Ltd.|1|1|0|0|SIN15|正常|2017/8/4|2035/1/1|34|0|admin|2017/8/21 17:43:14|
4746|Hong Kong Telecommunications(HKT) Limited|1|1|0|0|HKG58|正常|2017/7/21|2035/1/1|9|0|admin|2017/7/24 17:12:48|
4885|Kall P/F|1|1|0|0|FRI02|正常|2018/12/5|2035/1/1|63|0|admin|2018/12/6 19:46:27|
4822|CTA MVNO (GTS)|1|3|0|0|PRO09|正常|2018/2/8|2035/1/1|102|0|admin|2018/3/1 14:05:04|
4732|Bungatel Pte. Ltd|1|3|0|0|SIN13|正常|2017/4/12|2035/1/1|34|0|admin|2017/4/18 16:09:37|
4312|True Move H Universal Communication Co.,Ltd|1|3|0|0|THA04|正常|2013/1/7|2035/1/1|39|0|admin|2017/5/26 10:25:09|
4769|V-Con Carrier Services Limited|1|3|0|0|IDA08|正常|2017/11/14|2035/1/1|10|0|admin|2018/4/16 14:39:31|
4825|Progresif Cellular Sdn Bhd|1|1|0|0|BRU04|正常|2018/3/5|2035/1/1|190|0|admin|2018/3/5 18:11:09|
4824|Star Telecom Co. Ltd.|1|1|0|0|LAO05|正常|2018/3/5|2035/1/1|22|0|admin|2018/3/5 18:11:50|
4458|Taiwan Mobile Co.Ltd|1|1|0|0|TAI10|正常|2013/6/1|2035/1/1|37|0|admin|2017/8/22 14:15:47|
4761|Elisa Eesti AS|1|1|0|0|EST02|正常|2017/9/4|2035/1/1|62|0|admin|2017/9/5 10:58:59|
4762|Elisa Corporation|1|1|0|0|FIN02|正常|2017/9/4|2035/1/1|64|0|admin|2017/9/5 10:59:43|
4763|Bouygues Telecom|1|1|0|0|FRA07|正常|2017/9/4|2035/1/1|65|0|admin|2017/9/5 11:00:16|
4764|Turkcell Iletisim Hizmetleri A.S. |1|1|0|0|TKY04|正常|2017/9/4|2035/1/1|40|0|admin|2017/9/5 11:00:40|
4768|China Mobile International Limited|1|3|0|0|HKG61|正常|2017/11/7|2035/1/1|9|0|admin|2017/11/9 10:14:26|
30085|Elisa(CTE)|1|4|0|0|FINA0|正常|2015/10/19|2035/1/1|64|1|admin|2015/10/20 16:43:33|
30096|Wavecrest(CTE)|1|4|0|0|UK_AD|正常|2016/6/20|2035/1/1|96|0|admin|2016/6/21 14:12:44|
30097|Bistalk(CTE)|1|4|0|0|SWAA2|正常|2016/6/20|2035/1/1|95|0|admin|2016/6/21 14:12:44|
30067|JT Global(CTE)|1|4|0|0|UK_AA|正常|1999/1/1|2035/1/1|96|1|system|2014/8/8|
40126|Transtalkie Limited(CTA)|1|5|0|0|40126|正常|1999/1/1|2035/1/1|102|1|admin|2016/3/30 7:27:15|
4716|BT Hong Kong Limited|1|3|0|0|HKG51|正常|2016/5/18|2035/1/1|9|0|liub|2016/5/19|
4717|Link Dot Net Telecom Limited|1|3|0|0|PAK04|正常|2016/5/17|2035/1/1|30|0|liub|2016/5/19|
4718|WANANCHI TELECOM LTD|1|1|0|0|KEN02|正常|2016/3/23|2035/1/1|153|0|liub|2016/5/19|
149|KIRIBATI TSKL|1|1|0|0|KIR01|正常|1999/1/1|2035/1/1|195|1|system|2007/9/13 7:58:55|
7453|LG Telecom (CDMA)|1|1|0|0|KOR09|正常|2008/7/30|2035/1/1|19|0|JLL|2009/12/30 15:48:36|
30061|CTkaz IPBX(CTE)|1|4|0|0|SLOA0|正常|1999/1/1|2035/1/1|17|1|system|2013/12/18|
10606|SIP TRUNK|6|3|0|0|PRO02|正常|2014/4/1|2035/1/1|246|0|admin|2014/7/2 8:27:40|
155|KYRGYZ TELECOM JOINT_STOCK|1|1|0|0|KYR01|正常|1999/1/1|2035/1/1|21|1|system|2007/9/13 7:58:55|
156|LAOS LTC|1|3|0|0|LAO01|正常|1999/1/1|2035/1/1|22|0|system|2015/8/5 9:56:58|
157|LATVIA LATTELEKOM|1|1|0|0|LAT01|正常|1999/1/1|2035/1/1|75|1|system|2007/9/13 7:58:55|
158|LIBERIA LIBTELCO|1|1|0|0|LBR01|正常|1999/1/1|2035/1/1|155|1|system|2007/9/13 7:58:55|
159|LIBYA GPTC|1|1|0|0|LBY01|正常|1999/1/1|2035/1/1|156|1|system|2007/9/13 7:58:55|
160|LEBANON O.G.E.R.O.|1|1|0|0|LEB01|正常|1999/1/1|2035/1/1|23|1|system|2007/9/13 7:58:55|
161|LESOTHO LTC|1|1|0|0|LES01|正常|1999/1/1|2035/1/1|154|1|system|2007/9/13 7:58:55|
27|BAHAMAS BATELCO|1|1|0|0|BHM01|正常|1999/1/1|2035/1/1|188|1|system|2007/9/13 7:58:54|
28|BHUTAN GOVT|1|1|0|0|BHU01|正常|1999/1/1|2035/1/1|5|1|system|2007/9/13 7:58:54|
29|BURKINAFASO ONATEL|1|1|0|0|BKN01|正常|1999/1/1|2035/1/1|134|1|system|2007/9/13 7:58:54|
30|BELARUS BELTELECOM|1|1|0|0|BLR01|正常|1999/1/1|2035/1/1|53|1|system|2007/9/13 7:58:54|
31|BELIZE BTL|1|1|0|0|BLZ01|正常|1999/1/1|2035/1/1|104|1|system|2007/9/13 7:58:54|
32|BOLIVIA ENTE|1|1|0|0|BOL01|正常|1999/1/1|2035/1/1|105|1|system|2007/9/13 7:58:54|
33|BOTSWANA BTC|1|1|0|0|BOT01|正常|1999/1/1|2035/1/1|133|1|system|2007/9/13 7:58:54|
34|BRAZIL EMBRATEL|1|1|0|0|BRA01|正常|1999/1/1|2035/1/1|106|1|system|2007/9/13 7:58:54|
35|BRAZIL TELERJ(PS)|1|1|0|0|BRA02|正常|1999/1/1|2035/1/1|106|0|system|2007/9/13 7:58:54|
36|BRAZIL TELEMIG(PS)|1|1|0|0|BRA03|正常|1999/1/1|2035/1/1|106|0|system|2007/9/13 7:58:54|
37|BRAZIL TELESC(PS)|1|1|0|0|BRA04|正常|1999/1/1|2035/1/1|106|0|system|2007/9/13 7:58:54|
38|BRAZIL TELEPAR(PS)|1|1|0|0|BRA05|正常|1999/1/1|2035/1/1|106|0|system|2007/9/13 7:58:54|
39|BRAZIL TELEBAHIA(PS)|1|1|0|0|BRA06|正常|1999/1/1|2035/1/1|106|0|system|2007/9/13 7:58:54|
25|BENIN OPT|1|1|0|0|BEN01|正常|1999/1/1|2035/1/1|132|1|system|2007/9/13 7:58:54|
26|Belgacom International Carrier Services(BICS)|1|3|0|0|BGM01|正常|1999/1/1|2035/1/1|54|1|system|2015/8/5 9:56:58|
395|润迅公司|1|1|0|0||正常|1999/1/1|2035/1/1|9|0|admin|2014/5/6 14:44:42|
10566|CMC Telecommunication|1|3|0|0|VIE32|正常|2014/2/25|2035/1/1|44|0|admin|2014/3/3 10:51:22|
148|KENYA KPTC|1|1|0|0|KEN01|正常|1999/1/1|2035/1/1|153|1|admin|2014/3/20 13:58:37|
30087|Netvision(CTE)|1|4|0|0|ISRA1|正常|2015/10/26|2035/1/1|14|0|system|2015/11/2 10:17:49|
30070|lbasis(CTE)|1|4|0|0|USAA2|正常|1999/1/1|2035/1/1|102|1|system|2014/9/18|
30071|Exatel(CTE)|1|4|0|0|POLA0|正常|1999/1/1|2035/1/1|85|1|system|2014/9/18|
40|BURUNDI ONATEL|1|1|0|0|BRD01|正常|1999/1/1|2035/1/1|135|1|system|2007/9/13 7:58:54|
41|DST COMMUNICATIONS SDN. BHD|1|1|0|0|BRN01|正常|1999/1/1|2035/1/1|3|1|system|2007/9/13 7:58:54|
42|TELEKOM BRUNEI BERHAD|1|1|0|0|BRU01|正常|1999/1/1|2035/1/1|190|1|system|2007/9/13 7:58:54|
43|BRUNEI TV(TV)|1|1|0|0|BRU02|正常|1999/1/1|2035/1/1|190|0|system|2007/9/13 7:58:54|
44|BRUNEI DSTCOM|1|1|0|0|BRU03|正常|1999/1/1|2035/1/1|190|0|system|2007/9/13 7:58:54|
45|BULGARIA BTC|1|1|0|0|BUL01|正常|1999/1/1|2035/1/1|56|1|system|2007/9/13 7:58:54|
46|CENTRAL AFRICA SOCATL|1|1|0|0|CAF01|正常|1999/1/1|2035/1/1|138|1|system|2007/9/13 7:58:54|
48|CM(CANADA)|1|1|0|0||正常|1999/1/1|2035/1/1|100|0|system|2007/9/13 7:58:54|
49|CANADA TUNNET|1|1|0|0|CAN30|正常|1999/1/1|2035/1/1|100|0|system|2007/9/13 7:58:54|
50|CAMBODIA GOVT|1|1|0|0|CBD01|正常|1999/1/1|2035/1/1|7|1|system|2007/9/13 7:58:54|
51|COCOS IS. TELECOM|1|1|0|0|CCI01|正常|1999/1/1|2035/1/1|191|1|system|2007/9/13 7:58:54|
52|CHAD TIT|1|1|0|0|CHA01|正常|1999/1/1|2035/1/1|139|1|system|2007/9/13 7:58:54|
53|CHRISTMAS IS.TELSTRA|1|1|0|0|CHI01|正常|1999/1/1|2035/1/1|236|1|system|2007/9/13 7:58:55|
54|CHILE ENTEL|1|1|0|0|CHL01|正常|1999/1/1|2035/1/1|107|1|system|2007/9/13 7:58:55|
4100|Global Transit Communications Sdn.Bhd|1|1|0|0|MLS07|正常|2012/4/17|2035/1/1|25|0|GYZ|2012/4/17 16:02:41|
568|CHINA NETWORK COMMUNICATION|1|1|0|0|CNC01|正常|1999/1/1|2035/1/1|246|0|admin|2009/4/24 11:15:16|1
359|CHINA MOBILE COMMUNICATION CO.|1|1|0|0|CHN02|正常|1999/1/1|2035/1/1|246|0|lyf|2009/4/24 18:37:58|2
360|CHINA UNION COMMUNICATION CO.|1|1|0|0|CHN03|正常|1999/1/1|2035/1/1|246|0|lyf|2009/4/24 18:39:45|3
1004|CHINA TIETONG TELCOMMUNICATION CORP|1|1|0|0||正常|1999/1/1|2035/1/1|246|1|admin|2009/4/24 11:19:33|4
1005|CHINA JITONG CONTROL CORP|1|1|0|0||正常|1999/1/1|2035/1/1|246|1|admin|2009/4/24 11:20:21|5
1006|CHINA NETCOM CONTROL CORP|1|1|0|0||正常|1999/1/1|2035/1/1|246|1|admin|2009/4/24 11:20:57|6
1007|OTHER|1|1|0|0||正常|1999/1/1|2035/1/1|246|1|admin|2009/4/24 11:21:46|9
358|CHINA TELECOM|1|1|0|0|CHN01|正常|1999/1/1|2035/1/1|246|1|admin|2009/4/24 11:23:33|0
30093|CMI(CTE)|1|4|0|0|CHNA4|正常|2016/4/28|2035/12/31|246|0|admin|2016/5/3 15:55:02|
30092|Switchover(CTE)|1|4|0|0|SWAA1|正常|2016/4/14|2035/12/31|95|0|admin|2016/4/15 10:44:26|
4715|Türk Telekom International AT AG|1|3|0|0|TKY02|正常|2016/4/18|2035/1/1|40|0|admin|2016/4/19|
30064|Telekom Slovenije(CTE)|1|4|0|0|SLOA1|正常|1999/1/1|2035/1/1|91|1|system|2013/12/18|
30098|JTL(CTE）|1|4|0|0|KENA0|正常|2016/9/13|2035/1/1|153|0|admin|2016/9/18 15:15:06|
4511|West Indian Ocean Cable Company limited(WIOCC)|1|1|0|0|MRT02|正常|2013/8/1|2035/1/1|161|0|zhaojj|2013/9/23 16:12:01|
4526|TATA COMMUNICATIONS(UK) LIMITED|1|1|0|0|UK_12|正常|2013/10/1|2035/1/1|96|1|zhaojj|2013/10/11 9:55:35|
4563|OJSC VimpelCom|1|1|0|0|RUS08|正常|2013/10/1|2035/1/1|88|0|zhaojj|2013/12/12 9:59:46|
4702|Hutchison Telephone Company Limited (QH)|1|3|0|0|HKG50|正常|2014/12/1|2035/1/1|9|0|youyou|2014/12/2 14:45:05|
7546|TransTeleCom|1|1|0|0|RUS03|正常|2008/7/28|2035/1/1|88|0|CXN|2010/9/21 10:39:51|
7958|广州网易计算机系统有限公司（行业应用）  |5|1|0|0||正常|2008/10/1|2018/10/1|246|1|system|2008/12/26 16:01:51|
7959|上海报春通信科技有限公司（行业应用）  |5|1|0|0||正常|2008/10/1|2018/10/1|246|1|system|2008/12/26 16:01:51|
7960|北京恒基伟业电子商务有限公司（行业应用）  |5|1|0|0||正常|2008/10/1|2018/10/1|246|1|system|2008/12/26 16:01:51|
7961|中信控股有限责任公司（行业应用）  |5|1|0|0||正常|2008/10/1|2018/10/1|246|1|system|2008/12/26 16:01:51|
7962|北京华瑞网研科技有限公司  |5|1|0|0||正常|2008/10/1|2018/10/1|246|1|system|2008/12/26 16:01:51|
14|ASCENSIONC|1|1|0|0|ASC01|正常|1999/1/1|2035/1/1|131|1|system|2007/9/13 7:58:54|
15|ANTARCTICA TELECOM|1|1|0|0|ATT01|正常|1999/1/1|2035/1/1|239|1|system|2007/9/13 7:58:54|
16|REACH AUSTRALIA|1|3|0|0|AUS01|正常|1999/1/1|2035/1/1|185|1|system|2007/9/13 7:58:54|
18|AUSTRIA TELECOM|1|1|0|0|AUT01|正常|1999/1/1|2035/1/1|52|1|system|2007/9/13 7:58:54|
19|AUSTRIA DATAKOM A.G.(TG/PS)|1|1|0|0|AUT02|正常|1999/1/1|2035/1/1|52|0|system|2007/9/13 7:58:54|
20|AZERBAIJAN REPUBLICGOVT|1|1|0|0|AZE01|正常|1999/1/1|2035/1/1|2|1|system|2007/9/13 7:58:54|
21|BOSNIA AND HERZEGOVINA PEPTT|1|1|0|0|BAH01|正常|1999/1/1|2035/1/1|55|1|system|2007/9/13 7:58:54|
22|BANGLADESH BTTB|1|1|0|0|BAN01|正常|1999/1/1|2035/1/1|4|1|system|2007/9/13 7:58:54|
23|BARBADOS BET|1|1|0|0|BAR01|正常|1999/1/1|2035/1/1|189|1|system|2007/9/13 7:58:54|
24|BERMUDA IS.C|1|1|0|0|BEI01|正常|1999/1/1|2035/1/1|219|1|system|2007/9/13 7:58:54|
40155|Chunghua Special Account(CTA)|1|5|0|0|40155|正常|1999/1/1|2035/1/1|102|1|system|2015/3/16|
30063|Gateway(CTE)|1|4|0|0|UK_A9|正常|2014/7/1|2035/1/1|96|1|admin|2007/7/3 7:58:55|
40154|Across The Globe Telecommunications 2(CTA)|1|5|0|0|40154|正常|1999/1/1|2035/1/1|102|1|system|2015/3/16|
40156|CTC Communication(CTA)|1|5|0|0|40156|正常|1999/1/1|2035/1/1|0|1|system|2015/3/16|
40157|CTUSA NOC(CTA)|1|5|0|0|40157|正常|1999/1/1|2035/1/1|102|1|system|2015/3/16|
40158|Go 2Tel(CTA)|1|5|0|0|40158|正常|1999/1/1|2035/1/1|102|1|system|2015/3/16|
40159|Megapin(CTA)|1|5|0|0|40159|正常|1999/1/1|2035/1/1|102|1|system|2015/3/16|
40160|US Online Local Access Number(CTA)|1|5|0|0|40160|正常|1999/1/1|2035/1/1|102|1|system|2015/3/16|
40161|Vertex 800(CTA)|1|5|0|0|40161|正常|1999/1/1|2035/1/1|102|1|system|2015/3/16|
30090|Three CQA(CTE)|1|4|0|0|UAEA1|正常|2016/3/12|2035/1/1|42|0|admin|2016/3/22 21:14:06|
4835|Dee Telecom Holdings HK Limited|1|3|0|0|CBD08|正常|2018/4/24|2035/1/1|7|0|admin|2018/4/27 15:29:51|
4816|Latvijas Mobilais Telefons|1|1|0|0|LAT03|正常|2018/2/5|2035/1/1|75|0|admin|2018/2/7 17:50:03|
4806|Swisscom (Switzerland) Ltd|1|1|0|0|SWI08|正常|2018/2/5|2035/1/1|176|0|admin|2018/2/7 17:56:00|
4818|Monaco Telecom S.A.M.|1|1|0|0|MNC02|正常|2018/2/5|2035/1/1|82|0|admin|2018/2/7 18:20:00|
4808|VNPT International|1|1|0|0|VIE36|正常|2018/2/5|2035/1/1|44|0|admin|2018/2/7 17:55:00|
4807|Telekom Deutschland GmbH|1|1|0|0|GER07|正常|2018/2/5|2035/1/1|66|0|admin|2018/2/7 17:55:28|
4811|Telia Company AB|1|1|0|0|SWE06|正常|2018/2/5|2035/1/1|94|0|admin|2018/2/7 17:53:57|
4810|Telenor Maritime|1|1|0|0|NOR04|正常|2018/2/5|2035/1/1|84|0|admin|2018/2/7 17:54:29|
4813|Telia Finland Oyj|1|1|0|0|FIN03|正常|2018/2/5|2035/1/1|64|0|admin|2018/2/7 17:52:33|
4812|Telia Norge AS|1|1|0|0|NOR05|正常|2018/2/5|2035/1/1|84|0|admin|2018/2/7 17:53:14|
4815|Telia Eesti AS|1|1|0|0|EST03|正常|2018/2/5|2035/1/1|62|0|admin|2018/2/7 17:50:46|
4814|Telia Nattjanster Norden AB|1|1|0|0|DEN03|正常|2018/2/5|2035/1/1|60|0|admin|2018/2/7 17:51:22|
4637|Vodafone Enterprise Hong Kong Limited|1|1|0|0|HKG49|正常|2014/6/12|2035/1/1|9|0|youyou|2014/6/12 14:40:40|
4843|Andorra Telecom, S.A.U.|1|1|0|0|AND02|正常|2018/5/28|2035/1/1|49|0|admin|2018/5/29 17:15:10|
4638|OJSC MEGAFON|1|1|0|0|RUS09|正常|2014/6/12|2035/1/1|88|0|youyou|2014/6/12 15:37:46|
10600|whw|1|1|0|0||正常|2018/2/5|2035/1/1|79|0|admin|2018/2/7 17:05:02|
4845|Telstra Corporation Limited|1|1|0|0|AUS04|正常|2018/5/28|2035/1/1|185|0|admin|2018/5/29 17:15:39|
4846|Videotron General Partnership|1|1|0|0|CAN40|正常|2018/5/28|2035/1/1|100|0|admin|2018/5/29 17:15:53|
4838|Far EasTone Telecommunications Co Ltd|1|1|0|0|TAI13|正常|2018/5/28|2035/1/1|37|0|admin|2018/5/29 17:13:45|
4839|CamGSM Co.Ltd.|1|1|0|0|CBD09|正常|2018/5/28|2035/1/1|7|0|admin|2018/5/29 17:14:04|
4840|Emirates Integrated Telecommunications Company PJSC|1|1|0|0|UAE02|正常|2018/5/28|2035/1/1|42|0|admin|2018/5/29 17:14:23|
4841|BH Telecom JSC Sarajevo|1|1|0|0|BAH02|正常|2018/5/28|2035/1/1|55|0|admin|2018/5/29 17:14:39|
4842|Gibtelecom Limited|1|1|0|0|GIB02|正常|2018/5/28|2035/1/1|67|0|admin|2018/5/29 17:14:53|
4844|Wind Tre S.p.A.|1|1|0|0|ITA07|正常|2018/5/28|2035/1/1|73|0|admin|2018/5/29 17:15:23|
4834|Telecom North America Mobile Inc.|1|1|0|0|USA68|正常|2018/4/19|2035/1/1|102|0|admin|2018/4/20 9:53:34|
4766|HK LangSen International Communication Limited|1|3|0|0|HKG59|正常|2017/9/26|2035/1/1|9|0|admin|2017/9/27 14:59:19|
30108|Vox Carrier(CTE)|1|4|0|0|ROMA1|正常|2017/9/29|2035/1/1|87|0|admin|2017/9/29 15:34:51|
284|Vodafone Limited|1|3|0|0|UK_02|正常|2016/7/1|2035/1/1|96|0|admin|2018/4/25 13:57:27|
4829|Broadband Telecom, Inc (CTA)|1|3|0|0|USA67|正常|2018/3/21|2035/1/1|102|0|admin|2018/3/29 17:41:47|
4828|PCCW Global Limited (USA CTA)|1|3|0|0|USA66|正常|2018/3/22|2035/1/1|102|0|admin|2018/3/29 17:42:10|
281|Emirates Telecommunications Group Company (Etisalat Group) PJSC|1|3|0|0|UAE01|正常|1999/1/1|2035/1/1|42|1|admin|2018/4/26 15:27:49|
7963|中国工商银行（行业应用）  |5|1|0|0||正常|2008/10/1|2018/10/1|246|1|system|2008/12/26 16:01:51|
7964|北京怡和佳讯信息技术有限责任公司（行业应用）  |5|1|0|0||正常|2008/10/1|2018/10/1|246|1|system|2008/12/26 16:01:51|
7965|北京九五一九零信息技术有限公司（行业应用）  |5|1|0|0||正常|2008/10/1|2018/10/1|246|1|system|2008/12/26 16:01:51|
7966|华夏银行股份有限公司（行业短信）  |5|1|0|0||正常|2008/10/1|2018/10/1|246|1|system|2008/12/26 16:01:51|
7967|北京时代动力数码科技有限公司（集团客户部）  |5|1|0|0||正常|2008/10/1|2018/10/1|246|1|system|2008/12/26 16:01:51|
7968|泰康人寿保险股份有限公司（行业应用）  |5|1|0|0||正常|2008/10/1|2018/10/1|246|1|system|2008/12/26 16:01:51|
7969|齐鲁证券有限公司  |5|1|0|0||正常|2008/10/1|2018/10/1|246|1|system|2008/12/26 16:01:51|
7970|上海象形通讯科技有限公司（1069）  |5|1|0|0||正常|2008/10/1|2018/10/1|246|1|system|2008/12/26 16:01:51|
7971|中国互联网协会  |5|1|0|0||正常|2008/10/1|2018/10/1|246|1|system|2008/12/26 16:01:51|
7972|北京金诚和讯科技发展有限公司  |5|1|0|0||正常|2008/10/1|2018/10/1|246|1|system|2008/12/26 16:01:51|
7973|华安保险股份有限公司  |5|1|0|0||正常|2008/10/1|2018/10/1|246|1|system|2008/12/26 16:01:51|
7974|北京东方般若科技发展有限公司（光大银行）  |5|1|0|0||正常|2008/10/1|2018/10/1|246|1|system|2008/12/26 16:01:51|
7975|北京东方般若科技发展有限公司（新华）  |5|1|0|0||正常|2008/10/1|2018/10/1|246|1|system|2008/12/26 16:01:51|
7976|北京东方般若科技发展有限公司（健康保险）  |5|1|0|0||正常|2008/10/1|2018/10/1|246|1|system|2008/12/26 16:01:51|
7977|国信证券有限责任公司(95536)  |5|1|0|0||正常|2008/10/1|2018/10/1|246|1|system|2008/12/26 16:01:51|
7978|中国大地财产保险股份有限公司(95590)  |5|1|0|0||正常|2008/10/1|2018/10/1|246|1|system|2008/12/26 16:01:51|
40169|Telecom Argentina(CTA)|1|5|0|0|40169|正常|1999/1/1|2035/1/1|102|1|system|2015/5/27|
40170|HJ Technology Ltd.(CTA)|1|5|0|0|40170|正常|1999/1/1|2035/1/1|102|1|system|2015/5/27|
4711|Metfone|1|3|0|0|CBD04|正常|2015/11/17|2035/1/1|7|0|liub|2015/11/24|
4712|Zigma|1|3|0|0|LAT02|正常|2016/1/19|2035/1/1|75|0|admin|2016/1/22|
8107|SYBASE 365|1|1|0|0|USA53|正常|2008/12/30|2035/1/1|102|0|admin|2008/12/30 16:38:44|
667|LEVEL 3 COMMUNICATIONS,LLC|1|1|0|0|USA54|正常|1999/1/1|2035/1/1|102|0|DH|2008/12/31 14:53:29|
30069|TELL(CTE)|1|4|0|0|BELA0|正常|1999/1/1|2035/1/1|104|1|system|2014/9/9|
40162|Alrus International Ltd(CTA)|1|5|0|0|40162|正常|1999/1/1|2035/1/1|102|1|system|2015/5/18|
40163|Test(CTA)|1|5|0|0|40163|正常|1999/1/1|2035/1/1|25|1|system|2015/5/18|
40164|Spectrum ICA(CTA)|1|5|0|0|40164|正常|1999/1/1|2035/1/1|102|1|system|2015/5/18|
40176|ALXTEL, INC(CTA)|1|5|0|0|40176|正常|2015/9/1|2035/1/1|102|1|system|2015/9/16|
3927|TATA COMMUNICATIONS JAPAN KK|1|1|0|0|JAP21|正常|2011/7/31|2035/1/1|15|0|GYZ|2011/7/31 9:57:13|
30066|Akton_USD(CTE)|1|4|0|0|SLOA2|正常|1999/1/1|2035/1/1|91|1|admin|2015/9/21 10:02:49|
162|LIECHTENSTEIN GOVT|1|1|0|0|LIE01|正常|1999/1/1|2035/1/1|76|1|system|2007/9/13 7:58:55|
163|LITHUANIA LIETUVOS TELEKOMAS|1|1|0|0|LIT01|正常|1999/1/1|2035/1/1|77|1|system|2007/9/13 7:58:55|
164|LUXEMBOURG EPT|1|1|0|0|LUX01|正常|1999/1/1|2035/1/1|78|1|system|2007/9/13 7:58:55|
165|MACAU CTM|1|3|0|0|MAC01|正常|1999/1/1|2035/1/1|24|1|system|2007/9/13 7:58:55|
166|MADAGASCAR TELECOM|1|1|0|0|MAD01|正常|1999/1/1|2035/1/1|157|1|system|2007/9/13 7:58:55|
167|MARTINIQUE FRANCE TELECOM|1|1|0|0|MAR01|正常|1999/1/1|2035/1/1|119|1|system|2007/9/13 7:58:55|
168|MACEDONIA GOVT|1|1|0|0|MCD01|正常|1999/1/1|2035/1/1|79|1|system|2007/9/13 7:58:55|
169|MEXICO TELECOM|1|1|0|0|MEX01|正常|1999/1/1|2035/1/1|101|1|system|2007/9/13 7:58:55|
170|MONGOLIA TELECOM|1|1|0|0|MGL01|正常|1999/1/1|2035/1/1|27|1|system|2007/9/13 7:58:55|
171|MICRONESIA FSM|1|1|0|0|MIC01|正常|1999/1/1|2035/1/1|198|1|system|2007/9/13 7:58:55|
172|MIDVAYI GOVT|1|1|0|0|MID01|正常|1999/1/1|2035/1/1|272|1|system|2007/9/13 7:58:55|
173|MALDIVE DHR|1|1|0|0|MLD01|正常|1999/1/1|2035/1/1|26|1|system|2007/9/13 7:58:55|
174|MALI SOTELMA|1|1|0|0|MLI01|正常|1999/1/1|2035/1/1|159|1|system|2007/9/13 7:58:55|
175|TELEKOM MALAYSIA|1|1|0|0|MLS01|正常|1999/1/1|2035/1/1|25|1|system|2007/9/13 7:58:55|
40133|Vocom international Telecomunication,Inc 1+1(CTA)|1|5|0|0|40133|正常|1999/1/1|2035/1/1|102|1|system|2015/3/16|
40134|VODACODE, LLC(CTA)|1|5|0|0|40134|正常|1999/1/1|2035/1/1|102|1|system|2015/3/16|
40135|VODACODE, LLC 2(CTA)|1|5|0|0|40135|正常|1999/1/1|2035/1/1|102|1|system|2015/3/16|
40136|Vodia Communications Inc.(CTA)|1|5|0|0|40136|正常|1999/1/1|2035/1/1|100|1|system|2015/3/16|
40137|Voipshop(CTA)|1|5|0|0|40137|正常|1999/1/1|2035/1/1|100|1|system|2015/3/16|
40138|Local phone(CTA)|1|5|0|0|40138|正常|1999/1/1|2035/1/1|102|1|system|2015/3/16|
322|VIETNAM VNPT-I|1|1|0|0|VIE01|正常|2013/1/1|2035/1/1|44|1|jiaoll|2013/5/13 14:43:12|
4227|Linkem|1|1|0|0|ITA05|正常|2012/8/1|2035/1/1|73|0|GYZ|2012/8/1 17:44:57|
4228|Monzoon LIECHTENSTEIN|1|1|0|0|LIE02|正常|2012/8/1|2035/1/1|76|0|GYZ|2012/8/1 17:44:57|
4197|The Cloud GERMANY|1|1|0|0|GER03|正常|2012/8/1|2035/1/1|66|0|GYZ|2012/8/1 17:57:06|
4233|The Cloud NORWAY|1|1|0|0|NOR03|正常|2012/8/1|2035/1/1|84|0|GYZ|2012/8/1 17:58:58|
4234|TeliaSonera SWEDEN|1|1|0|0|SWE04|正常|2012/8/1|2035/1/1|94|0|GYZ|2012/8/1 18:02:37|
4235|The Cloud  SWEDEN|1|1|0|0|SWE05|正常|2012/8/1|2035/1/1|94|0|GYZ|2012/8/1 18:03:52|
40139|Voxbone(CTA)|1|5|0|0|40139|正常|1999/1/1|2035/1/1|96|1|system|2015/3/16|
40140|VZN-zte-CA1(CTA)|1|5|0|0|40140|正常|1999/1/1|2035/1/1|102|1|system|2015/3/16|
40142|VZN-zte-CA3(CTA)|1|5|0|0|40142|正常|1999/1/1|2035/1/1|102|1|system|2015/3/16|
40143|VZN-zte-CA4(CTA)|1|5|0|0|40143|正常|1999/1/1|2035/1/1|102|1|system|2015/3/16|
40144|VZN-zte-NY1(CTA)|1|5|0|0|40144|正常|1999/1/1|2035/1/1|102|1|system|2015/3/16|
40145|VZN-zte-NY2(CTA)|1|5|0|0|40145|正常|1999/1/1|2035/1/1|102|1|system|2015/3/16|
40146|VZN-zte-NY3(CTA)|1|5|0|0|40146|正常|1999/1/1|2035/1/1|102|1|system|2015/3/16|
40147|VZN-zte-NY4(CTA)|1|5|0|0|40147|正常|1999/1/1|2035/1/1|102|1|system|2015/3/16|
40149|World Hub(CTA)|1|5|0|0|40149|正常|1999/1/1|2035/1/1|25|1|system|2015/3/16|
40150|XYLO COMMUNICATIONS LLC(CTA)|1|5|0|0|40150|正常|1999/1/1|2035/1/1|102|1|system|2015/3/16|
40152|Rogers Telecom (US) Inc.(CTA)|1|5|0|0|40152|正常|1999/1/1|2035/1/1|102|1|system|2015/3/16|
40153|Telekom Malaysia(CTA)|1|5|0|0|40153|正常|1999/1/1|2035/1/1|25|1|system|2015/3/16|
700|FPT (HK_IP)|1|3|0|0|VIE31|正常|2013/6/1|2035/1/1|44|0|admin|2013/5/31 0:39:16|2
10080|Taiwan EBT|1|1|0|0|TAI11|正常|2013/12/31|2035/1/1|37|0|admin|2014/1/9 15:52:59|
30083|Superonline(CTE)|1|4|0|0|TKYA2|正常|2015/7/1|2035/1/1|40|0|admin|2015/7/16 17:18:18|
30080|Zantel(CTE)|1|4|0|0|TANA0|正常|2015/3/23|2035/1/1|177|1|admin|2015/3/23 18:22:41|
4710|Verizon (HK_IP)|1|3|0|0|USA60|正常|2015/10/14|2035/1/1|102|0|liub|2015/10/19|
30081|SIPTRUNK(CTE)|6|4|0|0|PRO04|正常|2015/5/1|2035/1/1|96|0|admin|2015/7/16 17:18:42|
4709|SMART AXIATA CO., LTD|1|3|0|0|CBD03|正常|2015/8/17|2035/1/1|7|0|liub|2015/8/31|
4713|TimedotCom|1|3|0|0|MLS10|正常|2016/2/1|2035/1/1|25|0|admin|2016/2/2|
7586|Ukrtelecom JSC|1|1|0|0|UKR02|正常|2008/1/1|2035/1/1|97|0|DH|2008/11/26 16:45:01|
6|ALGERIA GOVT|0|1|0|0|ALG01|正常|1999/1/1|2035/1/1|129|1|lyf|2008/12/5 16:29:41|
7566|PCCW-HKT Telephone Limited|1|1|0|0|HKG41|正常|2008/11/19|2035/1/1|9|0|admin|2008/11/19 19:47:30|
7626|MOBICOM CORP. MONGOLIA|1|1|0|0|MGL02|正常|2009/1/1|2035/1/1|27|0|CXN|2008/12/3 15:23:21|
4466|Lao Telecom|1|3|0|0|LAO03|正常|2013/6/24|2035/1/1|22|0|zhaojj|2013/6/25 10:27:48|
30065|Lexico(CTE)|1|4|0|0|LATA0|正常|1999/1/1|2035/1/1|75|1|system|2013/12/18|
30046|MOBILE TELESYSTEMS Public Joint Stock Company(CTE)|1|4|0|0|RUSA4|正常|1999/1/1|2035/1/1|88|1|admin|2015/7/7 22:49:34|
40131|Viocast Solution Inc.(CTA)|1|5|0|0|40131|正常|2015/7/7|2035/1/1|102|1|system|2015/3/16|
8166|TATA COMMUNICATIONS LIMITED,MUMBAI|1|1|0|0|IDA04|正常|2008/1/1|2035/1/1|10|0|DH|2009/2/13 14:28:41|
8146|VIETTEL|1|3|0|0|VIE06|正常|2009/2/1|2035/1/1|44|0|DH|2009/2/9 12:39:44|
150|KOREA(DPRK) GOVT|1|1|0|0|KOD01|正常|1999/1/1|2035/1/1|18|1|CXN|2009/2/16 15:14:46|
152|KOREA(ROK) KT|1|1|0|0|KOR02|正常|1999/1/1|2035/1/1|19|0|CXN|2009/2/16 15:15:45|
153|KOREA(ROK) ONSE|1|1|0|0|KOR03|正常|1999/1/1|2035/1/1|19|0|CXN|2009/2/16 15:17:33|
585|KOREK(ROK) KTS|1|1|0|0|KOR04|正常|1999/1/1|2035/1/1|19|0|CXN|2009/2/16 15:23:14|
7463|CHINA TELECOM (Macau)|1|1|0|0|MAC02|正常|2009/3/1|2035/1/1|24|0|CXN|2009/2/25 10:59:24|
8289|IPASS INC|1|1|0|0|USA56|正常|2009/3/24|2035/1/1|102|0|CXN|2009/3/24 11:33:07|
8286|MANBUJIA|1|1|0|0|HKG19|正常|2009/4/1|2035/1/1|9|0|CXN|2009/3/24 10:49:04|
8287|BOINGO|1|1|0|0|USA55|正常|2009/3/24|2035/1/1|102|0|CXN|2009/3/24 10:53:13|
398|DIGI TELECOMMUNICATIONS SDN.BHD|1|1|0|0|MLS03|正常|1999/1/1|2035/1/1|25|0|CXN|2009/4/3 15:07:51|
7609|Digital Telecommunications Phils.,Inc.|1|1|0|0|PHL08|正常|2009/4/3|2035/1/1|31|0|CXN|2009/4/3 15:20:35|
30002|Gamma(CTE)|1|4|0|0|UK_A0|正常|1999/1/1|2035/1/1|96|1|system|2013/12/18|
30003|A1 Telekom Austria AG(CTE)|1|4|0|0|AUSA0|正常|1999/1/1|2035/1/1|52|1|system|2013/12/18|
30004|Sinocolo(CTE)|1|4|0|0|USAA0|正常|1999/1/1|2035/1/1|102|1|system|2013/12/18|
30005|CT China(CTE)|1|4|0|0|CHNA0|正常|1999/1/1|2035/1/1|246|1|system|2013/12/18|
30006|Test Calls(Carrier)(CTE)|1|4|0|0|CHNA1|正常|1999/1/1|2035/1/1|246|1|system|2013/12/18|
30007|Bezeq International Ltd(CTE)|1|4|0|0|ISRA0|正常|1999/1/1|2035/1/1|14|1|system|2013/12/18|
30008|Qatar Telecom(CTE)|1|4|0|0|QATA0|正常|1999/1/1|2035/1/1|32|1|system|2013/12/18|
30009|CITIC 1616 Telecom(CTE)|1|4|0|0|HKGA0|正常|1999/1/1|2035/1/1|9|1|system|2013/12/18|
30010|CTE(CTE)|1|4|0|0|UK_A1|正常|1999/1/1|2035/1/1|96|1|system|2013/12/18|
30086|Lanck (CTE)|1|4|0|0|RUSA5|正常|2015/10/1|2035/1/1|88|0|system|2015/10/27 15:05:32|
30014|Colt Technology Service(CTE)|1|4|0|0|NETA0|正常|1999/1/1|2035/1/1|83|1|system|2013/12/18|
30015|OJSC Megafon(CTE)|1|4|0|0|RUSA0|正常|1999/1/1|2035/1/1|88|1|system|2013/12/18|
30016|VUETEL ITALIA S.R.L.(CTE)|1|4|0|0|ITAA0|正常|1999/1/1|2035/1/1|73|1|system|2013/12/18|
30017|M800 Limited(CTE)|1|4|0|0|HKGA3|正常|1999/1/1|2035/1/1|9|1|system|2013/12/18|
30018|PrimeTel Plc(CTE)|1|4|0|0|CYPA0|正常|1999/1/1|2035/1/1|58|1|system|2013/12/18|
30019|New World Telecommunications Limited(CTE)|1|4|0|0|HKGA4|正常|1999/1/1|2035/1/1|9|1|system|2013/12/18|
30020|GTS Czech S.R.O.(CTE)|1|4|0|0|CZEA1|正常|1999/1/1|2035/1/1|59|1|system|2013/12/18|
30021|Harbin Communications Ltd(CTE)|1|4|0|0|HKGA5|正常|1999/1/1|2035/1/1|9|1|system|2013/12/18|
30022|XConnect Global Services Limited(CTE)|1|4|0|0|UK_A3|正常|1999/1/1|2035/1/1|96|1|system|2013/12/18|
30023|VASC(CTE)|1|4|0|0|VIEA0|正常|1999/1/1|2035/1/1|44|1|system|2013/12/18|
30024|Orange(CTE)|1|4|0|0|FRAA0|正常|1999/1/1|2035/1/1|65|1|system|2013/12/18|